Generation,ID,Pokemon,Abilities,BaseExperience,Height,Moves,HP,Attack,Defense,SpecialAttack,SpecialDefense,Speed
Generation.I,1,Bulbasaur,"overgrow, chlorophyll (Hidden)",64,7,"razor-wind, swords-dance, cut, bind, vine-whip, headbutt, tackle, body-slam, take-down, double-edge, growl, strength, mega-drain, leech-seed, growth, razor-leaf, solar-beam, poison-powder, sleep-powder, petal-dance, string-shot, toxic, rage, mimic, double-team, defense-curl, light-screen, reflect, bide, sludge, skull-bash, amnesia, flash, rest, substitute, snore, curse, protect, sludge-bomb, mud-slap, giga-drain, endure, charm, swagger, fury-cutter, attract, sleep-talk, return, frustration, safeguard, sweet-scent, synthesis, hidden-power, sunny-day, rock-smash, facade, nature-power, ingrain, knock-off, secret-power, grass-whistle, bullet-seed, magical-leaf, natural-gift, worry-seed, seed-bomb, energy-ball, leaf-storm, power-whip, captivate, grass-knot, venoshock, round, echoed-voice, grass-pledge, work-up, grassy-terrain, confide",45,49,49,65,65,45
Generation.I,2,Ivysaur,NA,NA,NA,NA,NA,NA,NA,NA,NA,NA
Generation.I,3,Venusaur,NA,NA,NA,NA,NA,NA,NA,NA,NA,NA
Generation.I,4,Charmander,NA,NA,NA,NA,NA,NA,NA,NA,NA,NA
Generation.I,5,Charmeleon,NA,NA,NA,NA,NA,NA,NA,NA,NA,NA
Generation.I,6,Charizard,NA,NA,NA,NA,NA,NA,NA,NA,NA,NA
Generation.I,7,Squirtle,NA,NA,NA,NA,NA,NA,NA,NA,NA,NA
Generation.I,8,Wartortle,NA,NA,NA,NA,NA,NA,NA,NA,NA,NA
Generation.I,9,Blastoise,NA,NA,NA,NA,NA,NA,NA,NA,NA,NA
Generation.I,10,Caterpie,NA,NA,NA,NA,NA,NA,NA,NA,NA,NA
Generation.I,11,Metapod,NA,NA,NA,NA,NA,NA,NA,NA,NA,NA
Generation.I,12,Butterfree,NA,NA,NA,NA,NA,NA,NA,NA,NA,NA
Generation.I,13,Weedle,NA,NA,NA,NA,NA,NA,NA,NA,NA,NA
Generation.I,14,Kakuna,NA,NA,NA,NA,NA,NA,NA,NA,NA,NA
Generation.I,15,Beedrill,NA,NA,NA,NA,NA,NA,NA,NA,NA,NA
Generation.I,16,Pidgey,NA,NA,NA,NA,NA,NA,NA,NA,NA,NA
Generation.I,17,Pidgeotto,NA,NA,NA,NA,NA,NA,NA,NA,NA,NA
Generation.I,18,Pidgeot,NA,NA,NA,NA,NA,NA,NA,NA,NA,NA
Generation.I,19,Rattata,NA,NA,NA,NA,NA,NA,NA,NA,NA,NA
Generation.I,20,Raticate,NA,NA,NA,NA,NA,NA,NA,NA,NA,NA
Generation.I,21,Spearow,NA,NA,NA,NA,NA,NA,NA,NA,NA,NA
Generation.I,22,Fearow,NA,NA,NA,NA,NA,NA,NA,NA,NA,NA
Generation.I,23,Ekans,NA,NA,NA,NA,NA,NA,NA,NA,NA,NA
Generation.I,24,Arbok,NA,NA,NA,NA,NA,NA,NA,NA,NA,NA
Generation.I,25,Pikachu[c],NA,NA,NA,NA,NA,NA,NA,NA,NA,NA
Generation.I,26,Raichu,NA,NA,NA,NA,NA,NA,NA,NA,NA,NA
Generation.I,27,Sandshrew,NA,NA,NA,NA,NA,NA,NA,NA,NA,NA
Generation.I,28,Sandslash,NA,NA,NA,NA,NA,NA,NA,NA,NA,NA
Generation.I,29,Nidoran♀,NA,NA,NA,NA,NA,NA,NA,NA,NA,NA
Generation.I,30,Nidorina,NA,NA,NA,NA,NA,NA,NA,NA,NA,NA
Generation.I,31,Nidoqueen,NA,NA,NA,NA,NA,NA,NA,NA,NA,NA
Generation.I,32,Nidoran♂,NA,NA,NA,NA,NA,NA,NA,NA,NA,NA
Generation.I,33,Nidorino,NA,NA,NA,NA,NA,NA,NA,NA,NA,NA
Generation.I,34,Nidoking,NA,NA,NA,NA,NA,NA,NA,NA,NA,NA
Generation.I,35,Clefairy,NA,NA,NA,NA,NA,NA,NA,NA,NA,NA
Generation.I,36,Clefable,NA,NA,NA,NA,NA,NA,NA,NA,NA,NA
Generation.I,37,Vulpix,NA,NA,NA,NA,NA,NA,NA,NA,NA,NA
Generation.I,38,Ninetales,NA,NA,NA,NA,NA,NA,NA,NA,NA,NA
Generation.I,39,Jigglypuff,NA,NA,NA,NA,NA,NA,NA,NA,NA,NA
Generation.I,40,Wigglytuff,NA,NA,NA,NA,NA,NA,NA,NA,NA,NA
Generation.I,41,Zubat,NA,NA,NA,NA,NA,NA,NA,NA,NA,NA
Generation.I,42,Golbat,NA,NA,NA,NA,NA,NA,NA,NA,NA,NA
Generation.I,43,Oddish,NA,NA,NA,NA,NA,NA,NA,NA,NA,NA
Generation.I,44,Gloom,NA,NA,NA,NA,NA,NA,NA,NA,NA,NA
Generation.I,45,Vileplume,NA,NA,NA,NA,NA,NA,NA,NA,NA,NA
Generation.I,46,Paras,NA,NA,NA,NA,NA,NA,NA,NA,NA,NA
Generation.I,47,Parasect,NA,NA,NA,NA,NA,NA,NA,NA,NA,NA
Generation.I,48,Venonat,NA,NA,NA,NA,NA,NA,NA,NA,NA,NA
Generation.I,49,Venomoth,NA,NA,NA,NA,NA,NA,NA,NA,NA,NA
Generation.I,50,Diglett,NA,NA,NA,NA,NA,NA,NA,NA,NA,NA
Generation.I,51,Dugtrio,NA,NA,NA,NA,NA,NA,NA,NA,NA,NA
Generation.I,52,Meowth,NA,NA,NA,NA,NA,NA,NA,NA,NA,NA
Generation.I,53,Persian,NA,NA,NA,NA,NA,NA,NA,NA,NA,NA
Generation.I,54,Psyduck,NA,NA,NA,NA,NA,NA,NA,NA,NA,NA
Generation.I,55,Golduck,NA,NA,NA,NA,NA,NA,NA,NA,NA,NA
Generation.I,56,Mankey,NA,NA,NA,NA,NA,NA,NA,NA,NA,NA
Generation.I,57,Primeape,NA,NA,NA,NA,NA,NA,NA,NA,NA,NA
Generation.I,58,Growlithe,NA,NA,NA,NA,NA,NA,NA,NA,NA,NA
Generation.I,59,Arcanine,NA,NA,NA,NA,NA,NA,NA,NA,NA,NA
Generation.I,60,Poliwag,NA,NA,NA,NA,NA,NA,NA,NA,NA,NA
Generation.I,61,Poliwhirl,NA,NA,NA,NA,NA,NA,NA,NA,NA,NA
Generation.I,62,Poliwrath,NA,NA,NA,NA,NA,NA,NA,NA,NA,NA
Generation.I,63,Abra,NA,NA,NA,NA,NA,NA,NA,NA,NA,NA
Generation.I,64,Kadabra,NA,NA,NA,NA,NA,NA,NA,NA,NA,NA
Generation.I,65,Alakazam,NA,NA,NA,NA,NA,NA,NA,NA,NA,NA
Generation.I,66,Machop,NA,NA,NA,NA,NA,NA,NA,NA,NA,NA
Generation.I,67,Machoke,NA,NA,NA,NA,NA,NA,NA,NA,NA,NA
Generation.I,68,Machamp,NA,NA,NA,NA,NA,NA,NA,NA,NA,NA
Generation.I,69,Bellsprout,NA,NA,NA,NA,NA,NA,NA,NA,NA,NA
Generation.I,70,Weepinbell,NA,NA,NA,NA,NA,NA,NA,NA,NA,NA
Generation.I,71,Victreebel,NA,NA,NA,NA,NA,NA,NA,NA,NA,NA
Generation.I,72,Tentacool,NA,NA,NA,NA,NA,NA,NA,NA,NA,NA
Generation.I,73,Tentacruel,NA,NA,NA,NA,NA,NA,NA,NA,NA,NA
Generation.I,74,Geodude,NA,NA,NA,NA,NA,NA,NA,NA,NA,NA
Generation.I,75,Graveler,NA,NA,NA,NA,NA,NA,NA,NA,NA,NA
Generation.I,76,Golem,NA,NA,NA,NA,NA,NA,NA,NA,NA,NA
Generation.I,77,Ponyta,NA,NA,NA,NA,NA,NA,NA,NA,NA,NA
Generation.I,78,Rapidash,NA,NA,NA,NA,NA,NA,NA,NA,NA,NA
Generation.I,79,Slowpoke,NA,NA,NA,NA,NA,NA,NA,NA,NA,NA
Generation.I,80,Slowbro,NA,NA,NA,NA,NA,NA,NA,NA,NA,NA
Generation.I,81,Magnemite,NA,NA,NA,NA,NA,NA,NA,NA,NA,NA
Generation.I,82,Magneton,NA,NA,NA,NA,NA,NA,NA,NA,NA,NA
Generation.I,83,Farfetch'd,NA,NA,NA,NA,NA,NA,NA,NA,NA,NA
Generation.I,84,Doduo,NA,NA,NA,NA,NA,NA,NA,NA,NA,NA
Generation.I,85,Dodrio,NA,NA,NA,NA,NA,NA,NA,NA,NA,NA
Generation.I,86,Seel,NA,NA,NA,NA,NA,NA,NA,NA,NA,NA
Generation.I,87,Dewgong,NA,NA,NA,NA,NA,NA,NA,NA,NA,NA
Generation.I,88,Grimer,NA,NA,NA,NA,NA,NA,NA,NA,NA,NA
Generation.I,89,Muk,NA,NA,NA,NA,NA,NA,NA,NA,NA,NA
Generation.I,90,Shellder,NA,NA,NA,NA,NA,NA,NA,NA,NA,NA
Generation.I,91,Cloyster,NA,NA,NA,NA,NA,NA,NA,NA,NA,NA
Generation.I,92,Gastly,NA,NA,NA,NA,NA,NA,NA,NA,NA,NA
Generation.I,93,Haunter,NA,NA,NA,NA,NA,NA,NA,NA,NA,NA
Generation.I,94,Gengar,NA,NA,NA,NA,NA,NA,NA,NA,NA,NA
Generation.I,95,Onix,NA,NA,NA,NA,NA,NA,NA,NA,NA,NA
Generation.I,96,Drowzee,NA,NA,NA,NA,NA,NA,NA,NA,NA,NA
Generation.I,97,Hypno,NA,NA,NA,NA,NA,NA,NA,NA,NA,NA
Generation.I,98,Krabby,NA,NA,NA,NA,NA,NA,NA,NA,NA,NA
Generation.I,99,Kingler,NA,NA,NA,NA,NA,NA,NA,NA,NA,NA
Generation.I,100,Voltorb,NA,NA,NA,NA,NA,NA,NA,NA,NA,NA
Generation.I,101,Electrode,NA,NA,NA,NA,NA,NA,NA,NA,NA,NA
Generation.I,102,Exeggcute,NA,NA,NA,NA,NA,NA,NA,NA,NA,NA
Generation.I,103,Exeggutor,NA,NA,NA,NA,NA,NA,NA,NA,NA,NA
Generation.I,104,Cubone,NA,NA,NA,NA,NA,NA,NA,NA,NA,NA
Generation.I,105,Marowak,NA,NA,NA,NA,NA,NA,NA,NA,NA,NA
Generation.I,106,Hitmonlee,NA,NA,NA,NA,NA,NA,NA,NA,NA,NA
Generation.I,107,Hitmonchan,NA,NA,NA,NA,NA,NA,NA,NA,NA,NA
Generation.I,108,Lickitung,NA,NA,NA,NA,NA,NA,NA,NA,NA,NA
Generation.I,109,Koffing,NA,NA,NA,NA,NA,NA,NA,NA,NA,NA
Generation.I,110,Weezing,NA,NA,NA,NA,NA,NA,NA,NA,NA,NA
Generation.I,111,Rhyhorn,NA,NA,NA,NA,NA,NA,NA,NA,NA,NA
Generation.I,112,Rhydon,NA,NA,NA,NA,NA,NA,NA,NA,NA,NA
Generation.I,113,Chansey,NA,NA,NA,NA,NA,NA,NA,NA,NA,NA
Generation.I,114,Tangela,NA,NA,NA,NA,NA,NA,NA,NA,NA,NA
Generation.I,115,Kangaskhan,NA,NA,NA,NA,NA,NA,NA,NA,NA,NA
Generation.I,116,Horsea,NA,NA,NA,NA,NA,NA,NA,NA,NA,NA
Generation.I,117,Seadra,NA,NA,NA,NA,NA,NA,NA,NA,NA,NA
Generation.I,118,Goldeen,NA,NA,NA,NA,NA,NA,NA,NA,NA,NA
Generation.I,119,Seaking,NA,NA,NA,NA,NA,NA,NA,NA,NA,NA
Generation.I,120,Staryu,NA,NA,NA,NA,NA,NA,NA,NA,NA,NA
Generation.I,121,Starmie,NA,NA,NA,NA,NA,NA,NA,NA,NA,NA
Generation.I,122,Mr. Mime,NA,NA,NA,NA,NA,NA,NA,NA,NA,NA
Generation.I,123,Scyther,NA,NA,NA,NA,NA,NA,NA,NA,NA,NA
Generation.I,124,Jynx,NA,NA,NA,NA,NA,NA,NA,NA,NA,NA
Generation.I,125,Electabuzz,NA,NA,NA,NA,NA,NA,NA,NA,NA,NA
Generation.I,126,Magmar,NA,NA,NA,NA,NA,NA,NA,NA,NA,NA
Generation.I,127,Pinsir,NA,NA,NA,NA,NA,NA,NA,NA,NA,NA
Generation.I,128,Tauros,NA,NA,NA,NA,NA,NA,NA,NA,NA,NA
Generation.I,129,Magikarp,NA,NA,NA,NA,NA,NA,NA,NA,NA,NA
Generation.I,130,Gyarados,NA,NA,NA,NA,NA,NA,NA,NA,NA,NA
Generation.I,131,Lapras,NA,NA,NA,NA,NA,NA,NA,NA,NA,NA
Generation.I,132,Ditto,NA,NA,NA,NA,NA,NA,NA,NA,NA,NA
Generation.I,133,Eevee[d],NA,NA,NA,NA,NA,NA,NA,NA,NA,NA
Generation.I,134,Vaporeon,NA,NA,NA,NA,NA,NA,NA,NA,NA,NA
Generation.I,135,Jolteon,NA,NA,NA,NA,NA,NA,NA,NA,NA,NA
Generation.I,136,Flareon,NA,NA,NA,NA,NA,NA,NA,NA,NA,NA
Generation.I,137,Porygon,NA,NA,NA,NA,NA,NA,NA,NA,NA,NA
Generation.I,138,Omanyte ~,NA,NA,NA,NA,NA,NA,NA,NA,NA,NA
Generation.I,139,Omastar ~,NA,NA,NA,NA,NA,NA,NA,NA,NA,NA
Generation.I,140,Kabuto ~,NA,NA,NA,NA,NA,NA,NA,NA,NA,NA
Generation.I,141,Kabutops ~,NA,NA,NA,NA,NA,NA,NA,NA,NA,NA
Generation.I,142,Aerodactyl ~,NA,NA,NA,NA,NA,NA,NA,NA,NA,NA
Generation.I,143,Snorlax,NA,NA,NA,NA,NA,NA,NA,NA,NA,NA
Generation.I,144,Articuno,NA,NA,NA,NA,NA,NA,NA,NA,NA,NA
Generation.I,145,Zapdos,NA,NA,NA,NA,NA,NA,NA,NA,NA,NA
Generation.I,146,Moltres,NA,NA,NA,NA,NA,NA,NA,NA,NA,NA
Generation.I,147,Dratini,NA,NA,NA,NA,NA,NA,NA,NA,NA,NA
Generation.I,148,Dragonair,NA,NA,NA,NA,NA,NA,NA,NA,NA,NA
Generation.I,149,Dragonite,NA,NA,NA,NA,NA,NA,NA,NA,NA,NA
Generation.I,150,Mewtwo,NA,NA,NA,NA,NA,NA,NA,NA,NA,NA
Generation.I,151,Mew ♭,NA,NA,NA,NA,NA,NA,NA,NA,NA,NA
Generation.II,152,Chikorita,NA,NA,NA,NA,NA,NA,NA,NA,NA,NA
Generation.II,153,Bayleef,NA,NA,NA,NA,NA,NA,NA,NA,NA,NA
Generation.II,154,Meganium,NA,NA,NA,NA,NA,NA,NA,NA,NA,NA
Generation.II,155,Cyndaquil,NA,NA,NA,NA,NA,NA,NA,NA,NA,NA
Generation.II,156,Quilava,NA,NA,NA,NA,NA,NA,NA,NA,NA,NA
Generation.II,157,Typhlosion,NA,NA,NA,NA,NA,NA,NA,NA,NA,NA
Generation.II,158,Totodile,NA,NA,NA,NA,NA,NA,NA,NA,NA,NA
Generation.II,159,Croconaw,NA,NA,NA,NA,NA,NA,NA,NA,NA,NA
Generation.II,160,Feraligatr,NA,NA,NA,NA,NA,NA,NA,NA,NA,NA
Generation.II,161,Sentret,NA,NA,NA,NA,NA,NA,NA,NA,NA,NA
Generation.II,162,Furret,NA,NA,NA,NA,NA,NA,NA,NA,NA,NA
Generation.II,163,Hoothoot,NA,NA,NA,NA,NA,NA,NA,NA,NA,NA
Generation.II,164,Noctowl,NA,NA,NA,NA,NA,NA,NA,NA,NA,NA
Generation.II,165,Ledyba,NA,NA,NA,NA,NA,NA,NA,NA,NA,NA
Generation.II,166,Ledian,NA,NA,NA,NA,NA,NA,NA,NA,NA,NA
Generation.II,167,Spinarak,NA,NA,NA,NA,NA,NA,NA,NA,NA,NA
Generation.II,168,Ariados,NA,NA,NA,NA,NA,NA,NA,NA,NA,NA
Generation.II,169,Crobat,NA,NA,NA,NA,NA,NA,NA,NA,NA,NA
Generation.II,170,Chinchou,NA,NA,NA,NA,NA,NA,NA,NA,NA,NA
Generation.II,171,Lanturn,NA,NA,NA,NA,NA,NA,NA,NA,NA,NA
Generation.II,172,Pichu ※,NA,NA,NA,NA,NA,NA,NA,NA,NA,NA
Generation.II,173,Cleffa ※,NA,NA,NA,NA,NA,NA,NA,NA,NA,NA
Generation.II,174,Igglybuff ※,NA,NA,NA,NA,NA,NA,NA,NA,NA,NA
Generation.II,175,Togepi ※,NA,NA,NA,NA,NA,NA,NA,NA,NA,NA
Generation.II,176,Togetic,NA,NA,NA,NA,NA,NA,NA,NA,NA,NA
Generation.II,177,Natu,NA,NA,NA,NA,NA,NA,NA,NA,NA,NA
Generation.II,178,Xatu,NA,NA,NA,NA,NA,NA,NA,NA,NA,NA
Generation.II,179,Mareep,NA,NA,NA,NA,NA,NA,NA,NA,NA,NA
Generation.II,180,Flaaffy,NA,NA,NA,NA,NA,NA,NA,NA,NA,NA
Generation.II,181,Ampharos,NA,NA,NA,NA,NA,NA,NA,NA,NA,NA
Generation.II,182,Bellossom,NA,NA,NA,NA,NA,NA,NA,NA,NA,NA
Generation.II,183,Marill,NA,NA,NA,NA,NA,NA,NA,NA,NA,NA
Generation.II,184,Azumarill,NA,NA,NA,NA,NA,NA,NA,NA,NA,NA
Generation.II,185,Sudowoodo,NA,NA,NA,NA,NA,NA,NA,NA,NA,NA
Generation.II,186,Politoed,NA,NA,NA,NA,NA,NA,NA,NA,NA,NA
Generation.II,187,Hoppip,NA,NA,NA,NA,NA,NA,NA,NA,NA,NA
Generation.II,188,Skiploom,NA,NA,NA,NA,NA,NA,NA,NA,NA,NA
Generation.II,189,Jumpluff,NA,NA,NA,NA,NA,NA,NA,NA,NA,NA
Generation.II,190,Aipom,NA,NA,NA,NA,NA,NA,NA,NA,NA,NA
Generation.II,191,Sunkern,NA,NA,NA,NA,NA,NA,NA,NA,NA,NA
Generation.II,192,Sunflora,NA,NA,NA,NA,NA,NA,NA,NA,NA,NA
Generation.II,193,Yanma,NA,NA,NA,NA,NA,NA,NA,NA,NA,NA
Generation.II,194,Wooper,NA,NA,NA,NA,NA,NA,NA,NA,NA,NA
Generation.II,195,Quagsire,NA,NA,NA,NA,NA,NA,NA,NA,NA,NA
Generation.II,196,Espeon,NA,NA,NA,NA,NA,NA,NA,NA,NA,NA
Generation.II,197,Umbreon,NA,NA,NA,NA,NA,NA,NA,NA,NA,NA
Generation.II,198,Murkrow,NA,NA,NA,NA,NA,NA,NA,NA,NA,NA
Generation.II,199,Slowking,NA,NA,NA,NA,NA,NA,NA,NA,NA,NA
Generation.II,200,Misdreavus,NA,NA,NA,NA,NA,NA,NA,NA,NA,NA
Generation.II,201,Unown,NA,NA,NA,NA,NA,NA,NA,NA,NA,NA
Generation.II,202,Wobbuffet,NA,NA,NA,NA,NA,NA,NA,NA,NA,NA
Generation.II,203,Girafarig,NA,NA,NA,NA,NA,NA,NA,NA,NA,NA
Generation.II,204,Pineco,NA,NA,NA,NA,NA,NA,NA,NA,NA,NA
Generation.II,205,Forretress,NA,NA,NA,NA,NA,NA,NA,NA,NA,NA
Generation.II,206,Dunsparce,NA,NA,NA,NA,NA,NA,NA,NA,NA,NA
Generation.II,207,Gligar,NA,NA,NA,NA,NA,NA,NA,NA,NA,NA
Generation.II,208,Steelix,NA,NA,NA,NA,NA,NA,NA,NA,NA,NA
Generation.II,209,Snubbull,NA,NA,NA,NA,NA,NA,NA,NA,NA,NA
Generation.II,210,Granbull,NA,NA,NA,NA,NA,NA,NA,NA,NA,NA
Generation.II,211,Qwilfish,NA,NA,NA,NA,NA,NA,NA,NA,NA,NA
Generation.II,212,Scizor,NA,NA,NA,NA,NA,NA,NA,NA,NA,NA
Generation.II,213,Shuckle,NA,NA,NA,NA,NA,NA,NA,NA,NA,NA
Generation.II,214,Heracross,NA,NA,NA,NA,NA,NA,NA,NA,NA,NA
Generation.II,215,Sneasel,NA,NA,NA,NA,NA,NA,NA,NA,NA,NA
Generation.II,216,Teddiursa,NA,NA,NA,NA,NA,NA,NA,NA,NA,NA
Generation.II,217,Ursaring,NA,NA,NA,NA,NA,NA,NA,NA,NA,NA
Generation.II,218,Slugma,NA,NA,NA,NA,NA,NA,NA,NA,NA,NA
Generation.II,219,Magcargo,NA,NA,NA,NA,NA,NA,NA,NA,NA,NA
Generation.II,220,Swinub,NA,NA,NA,NA,NA,NA,NA,NA,NA,NA
Generation.II,221,Piloswine,NA,NA,NA,NA,NA,NA,NA,NA,NA,NA
Generation.II,222,Corsola,NA,NA,NA,NA,NA,NA,NA,NA,NA,NA
Generation.II,223,Remoraid,NA,NA,NA,NA,NA,NA,NA,NA,NA,NA
Generation.II,224,Octillery,NA,NA,NA,NA,NA,NA,NA,NA,NA,NA
Generation.II,225,Delibird,NA,NA,NA,NA,NA,NA,NA,NA,NA,NA
Generation.II,226,Mantine,NA,NA,NA,NA,NA,NA,NA,NA,NA,NA
Generation.II,227,Skarmory,NA,NA,NA,NA,NA,NA,NA,NA,NA,NA
Generation.II,228,Houndour,NA,NA,NA,NA,NA,NA,NA,NA,NA,NA
Generation.II,229,Houndoom,NA,NA,NA,NA,NA,NA,NA,NA,NA,NA
Generation.II,230,Kingdra,NA,NA,NA,NA,NA,NA,NA,NA,NA,NA
Generation.II,231,Phanpy,NA,NA,NA,NA,NA,NA,NA,NA,NA,NA
Generation.II,232,Donphan,NA,NA,NA,NA,NA,NA,NA,NA,NA,NA
Generation.II,233,Porygon2,NA,NA,NA,NA,NA,NA,NA,NA,NA,NA
Generation.II,234,Stantler,NA,NA,NA,NA,NA,NA,NA,NA,NA,NA
Generation.II,235,Smeargle,NA,NA,NA,NA,NA,NA,NA,NA,NA,NA
Generation.II,236,Tyrogue ※,NA,NA,NA,NA,NA,NA,NA,NA,NA,NA
Generation.II,237,Hitmontop,NA,NA,NA,NA,NA,NA,NA,NA,NA,NA
Generation.II,238,Smoochum ※,NA,NA,NA,NA,NA,NA,NA,NA,NA,NA
Generation.II,239,Elekid ※,NA,NA,NA,NA,NA,NA,NA,NA,NA,NA
Generation.II,240,Magby ※,NA,NA,NA,NA,NA,NA,NA,NA,NA,NA
Generation.II,241,Miltank,NA,NA,NA,NA,NA,NA,NA,NA,NA,NA
Generation.II,242,Blissey,NA,NA,NA,NA,NA,NA,NA,NA,NA,NA
Generation.II,243,Raikou,NA,NA,NA,NA,NA,NA,NA,NA,NA,NA
Generation.II,244,Entei,NA,NA,NA,NA,NA,NA,NA,NA,NA,NA
Generation.II,245,Suicune,NA,NA,NA,NA,NA,NA,NA,NA,NA,NA
Generation.II,246,Larvitar,NA,NA,NA,NA,NA,NA,NA,NA,NA,NA
Generation.II,247,Pupitar,NA,NA,NA,NA,NA,NA,NA,NA,NA,NA
Generation.II,248,Tyranitar,NA,NA,NA,NA,NA,NA,NA,NA,NA,NA
Generation.II,249,Lugia,NA,NA,NA,NA,NA,NA,NA,NA,NA,NA
Generation.II,250,Ho-oh,NA,NA,NA,NA,NA,NA,NA,NA,NA,NA
Generation.II,251,Celebi ♭,NA,NA,NA,NA,NA,NA,NA,NA,NA,NA
Generation.III,252,Treecko,NA,NA,NA,NA,NA,NA,NA,NA,NA,NA
Generation.III,253,Grovyle,NA,NA,NA,NA,NA,NA,NA,NA,NA,NA
Generation.III,254,Sceptile,NA,NA,NA,NA,NA,NA,NA,NA,NA,NA
Generation.III,255,Torchic,NA,NA,NA,NA,NA,NA,NA,NA,NA,NA
Generation.III,256,Combusken,NA,NA,NA,NA,NA,NA,NA,NA,NA,NA
Generation.III,257,Blaziken,NA,NA,NA,NA,NA,NA,NA,NA,NA,NA
Generation.III,258,Mudkip,NA,NA,NA,NA,NA,NA,NA,NA,NA,NA
Generation.III,259,Marshtomp,NA,NA,NA,NA,NA,NA,NA,NA,NA,NA
Generation.III,260,Swampert,NA,NA,NA,NA,NA,NA,NA,NA,NA,NA
Generation.III,261,Poochyena,NA,NA,NA,NA,NA,NA,NA,NA,NA,NA
Generation.III,262,Mightyena,NA,NA,NA,NA,NA,NA,NA,NA,NA,NA
Generation.III,263,Zigzagoon,NA,NA,NA,NA,NA,NA,NA,NA,NA,NA
Generation.III,264,Linoone,NA,NA,NA,NA,NA,NA,NA,NA,NA,NA
Generation.III,265,Wurmple,NA,NA,NA,NA,NA,NA,NA,NA,NA,NA
Generation.III,266,Silcoon,NA,NA,NA,NA,NA,NA,NA,NA,NA,NA
Generation.III,267,Beautifly,NA,NA,NA,NA,NA,NA,NA,NA,NA,NA
Generation.III,268,Cascoon,NA,NA,NA,NA,NA,NA,NA,NA,NA,NA
Generation.III,269,Dustox,NA,NA,NA,NA,NA,NA,NA,NA,NA,NA
Generation.III,270,Lotad,NA,NA,NA,NA,NA,NA,NA,NA,NA,NA
Generation.III,271,Lombre,NA,NA,NA,NA,NA,NA,NA,NA,NA,NA
Generation.III,272,Ludicolo,NA,NA,NA,NA,NA,NA,NA,NA,NA,NA
Generation.III,273,Seedot,NA,NA,NA,NA,NA,NA,NA,NA,NA,NA
Generation.III,274,Nuzleaf,NA,NA,NA,NA,NA,NA,NA,NA,NA,NA
Generation.III,275,Shiftry,NA,NA,NA,NA,NA,NA,NA,NA,NA,NA
Generation.III,276,Taillow,NA,NA,NA,NA,NA,NA,NA,NA,NA,NA
Generation.III,277,Swellow,NA,NA,NA,NA,NA,NA,NA,NA,NA,NA
Generation.III,278,Wingull,NA,NA,NA,NA,NA,NA,NA,NA,NA,NA
Generation.III,279,Pelipper,NA,NA,NA,NA,NA,NA,NA,NA,NA,NA
Generation.III,280,Ralts,NA,NA,NA,NA,NA,NA,NA,NA,NA,NA
Generation.III,281,Kirlia,NA,NA,NA,NA,NA,NA,NA,NA,NA,NA
Generation.III,282,Gardevoir,NA,NA,NA,NA,NA,NA,NA,NA,NA,NA
Generation.III,283,Surskit,NA,NA,NA,NA,NA,NA,NA,NA,NA,NA
Generation.III,284,Masquerain,NA,NA,NA,NA,NA,NA,NA,NA,NA,NA
Generation.III,285,Shroomish,NA,NA,NA,NA,NA,NA,NA,NA,NA,NA
Generation.III,286,Breloom,NA,NA,NA,NA,NA,NA,NA,NA,NA,NA
Generation.III,287,Slakoth,NA,NA,NA,NA,NA,NA,NA,NA,NA,NA
Generation.III,288,Vigoroth,NA,NA,NA,NA,NA,NA,NA,NA,NA,NA
Generation.III,289,Slaking,NA,NA,NA,NA,NA,NA,NA,NA,NA,NA
Generation.III,290,Nincada,NA,NA,NA,NA,NA,NA,NA,NA,NA,NA
Generation.III,291,Ninjask,NA,NA,NA,NA,NA,NA,NA,NA,NA,NA
Generation.III,292,Shedinja,NA,NA,NA,NA,NA,NA,NA,NA,NA,NA
Generation.III,293,Whismur,NA,NA,NA,NA,NA,NA,NA,NA,NA,NA
Generation.III,294,Loudred,NA,NA,NA,NA,NA,NA,NA,NA,NA,NA
Generation.III,295,Exploud,NA,NA,NA,NA,NA,NA,NA,NA,NA,NA
Generation.III,296,Makuhita,NA,NA,NA,NA,NA,NA,NA,NA,NA,NA
Generation.III,297,Hariyama,NA,NA,NA,NA,NA,NA,NA,NA,NA,NA
Generation.III,298,Azurill ※,NA,NA,NA,NA,NA,NA,NA,NA,NA,NA
Generation.III,299,Nosepass,NA,NA,NA,NA,NA,NA,NA,NA,NA,NA
Generation.III,300,Skitty,NA,NA,NA,NA,NA,NA,NA,NA,NA,NA
Generation.III,301,Delcatty,NA,NA,NA,NA,NA,NA,NA,NA,NA,NA
Generation.III,302,Sableye,NA,NA,NA,NA,NA,NA,NA,NA,NA,NA
Generation.III,303,Mawile,NA,NA,NA,NA,NA,NA,NA,NA,NA,NA
Generation.III,304,Aron,NA,NA,NA,NA,NA,NA,NA,NA,NA,NA
Generation.III,305,Lairon,NA,NA,NA,NA,NA,NA,NA,NA,NA,NA
Generation.III,306,Aggron,NA,NA,NA,NA,NA,NA,NA,NA,NA,NA
Generation.III,307,Meditite,NA,NA,NA,NA,NA,NA,NA,NA,NA,NA
Generation.III,308,Medicham,NA,NA,NA,NA,NA,NA,NA,NA,NA,NA
Generation.III,309,Electrike,NA,NA,NA,NA,NA,NA,NA,NA,NA,NA
Generation.III,310,Manectric,NA,NA,NA,NA,NA,NA,NA,NA,NA,NA
Generation.III,311,Plusle,NA,NA,NA,NA,NA,NA,NA,NA,NA,NA
Generation.III,312,Minun,NA,NA,NA,NA,NA,NA,NA,NA,NA,NA
Generation.III,313,Volbeat,NA,NA,NA,NA,NA,NA,NA,NA,NA,NA
Generation.III,314,Illumise,NA,NA,NA,NA,NA,NA,NA,NA,NA,NA
Generation.III,315,Roselia,NA,NA,NA,NA,NA,NA,NA,NA,NA,NA
Generation.III,316,Gulpin,NA,NA,NA,NA,NA,NA,NA,NA,NA,NA
Generation.III,317,Swalot,NA,NA,NA,NA,NA,NA,NA,NA,NA,NA
Generation.III,318,Carvanha,NA,NA,NA,NA,NA,NA,NA,NA,NA,NA
Generation.III,319,Sharpedo,NA,NA,NA,NA,NA,NA,NA,NA,NA,NA
Generation.III,320,Wailmer,NA,NA,NA,NA,NA,NA,NA,NA,NA,NA
Generation.III,321,Wailord,NA,NA,NA,NA,NA,NA,NA,NA,NA,NA
Generation.III,322,Numel,NA,NA,NA,NA,NA,NA,NA,NA,NA,NA
Generation.III,323,Camerupt,NA,NA,NA,NA,NA,NA,NA,NA,NA,NA
Generation.III,324,Torkoal,NA,NA,NA,NA,NA,NA,NA,NA,NA,NA
Generation.III,325,Spoink,NA,NA,NA,NA,NA,NA,NA,NA,NA,NA
Generation.III,326,Grumpig,NA,NA,NA,NA,NA,NA,NA,NA,NA,NA
Generation.III,327,Spinda,NA,NA,NA,NA,NA,NA,NA,NA,NA,NA
Generation.III,328,Trapinch,NA,NA,NA,NA,NA,NA,NA,NA,NA,NA
Generation.III,329,Vibrava,NA,NA,NA,NA,NA,NA,NA,NA,NA,NA
Generation.III,330,Flygon,NA,NA,NA,NA,NA,NA,NA,NA,NA,NA
Generation.III,331,Cacnea,NA,NA,NA,NA,NA,NA,NA,NA,NA,NA
Generation.III,332,Cacturne,NA,NA,NA,NA,NA,NA,NA,NA,NA,NA
Generation.III,333,Swablu,NA,NA,NA,NA,NA,NA,NA,NA,NA,NA
Generation.III,334,Altaria,NA,NA,NA,NA,NA,NA,NA,NA,NA,NA
Generation.III,335,Zangoose,NA,NA,NA,NA,NA,NA,NA,NA,NA,NA
Generation.III,336,Seviper,NA,NA,NA,NA,NA,NA,NA,NA,NA,NA
Generation.III,337,Lunatone,NA,NA,NA,NA,NA,NA,NA,NA,NA,NA
Generation.III,338,Solrock,NA,NA,NA,NA,NA,NA,NA,NA,NA,NA
Generation.III,339,Barboach,NA,NA,NA,NA,NA,NA,NA,NA,NA,NA
Generation.III,340,Whiscash,NA,NA,NA,NA,NA,NA,NA,NA,NA,NA
Generation.III,341,Corphish,NA,NA,NA,NA,NA,NA,NA,NA,NA,NA
Generation.III,342,Crawdaunt,NA,NA,NA,NA,NA,NA,NA,NA,NA,NA
Generation.III,343,Baltoy,NA,NA,NA,NA,NA,NA,NA,NA,NA,NA
Generation.III,344,Claydol,NA,NA,NA,NA,NA,NA,NA,NA,NA,NA
Generation.III,345,Lileep ~,NA,NA,NA,NA,NA,NA,NA,NA,NA,NA
Generation.III,346,Cradily ~,NA,NA,NA,NA,NA,NA,NA,NA,NA,NA
Generation.III,347,Anorith ~,NA,NA,NA,NA,NA,NA,NA,NA,NA,NA
Generation.III,348,Armaldo ~,NA,NA,NA,NA,NA,NA,NA,NA,NA,NA
Generation.III,349,Feebas,NA,NA,NA,NA,NA,NA,NA,NA,NA,NA
Generation.III,350,Milotic,NA,NA,NA,NA,NA,NA,NA,NA,NA,NA
Generation.III,351,Castform,NA,NA,NA,NA,NA,NA,NA,NA,NA,NA
Generation.III,352,Kecleon,NA,NA,NA,NA,NA,NA,NA,NA,NA,NA
Generation.III,353,Shuppet,NA,NA,NA,NA,NA,NA,NA,NA,NA,NA
Generation.III,354,Banette,NA,NA,NA,NA,NA,NA,NA,NA,NA,NA
Generation.III,355,Duskull,NA,NA,NA,NA,NA,NA,NA,NA,NA,NA
Generation.III,356,Dusclops,NA,NA,NA,NA,NA,NA,NA,NA,NA,NA
Generation.III,357,Tropius,NA,NA,NA,NA,NA,NA,NA,NA,NA,NA
Generation.III,358,Chimecho,NA,NA,NA,NA,NA,NA,NA,NA,NA,NA
Generation.III,359,Absol,NA,NA,NA,NA,NA,NA,NA,NA,NA,NA
Generation.III,359,Absol,NA,NA,NA,NA,NA,NA,NA,NA,NA,NA
Generation.III,359,Absol,NA,NA,NA,NA,NA,NA,NA,NA,NA,NA
Generation.III,359,Absol,NA,NA,NA,NA,NA,NA,NA,NA,NA,NA
Generation.III,359,Absol,NA,NA,NA,NA,NA,NA,NA,NA,NA,NA
Generation.III,359,Absol,NA,NA,NA,NA,NA,NA,NA,NA,NA,NA
Generation.III,359,Absol,NA,NA,NA,NA,NA,NA,NA,NA,NA,NA
Generation.III,359,Absol,NA,NA,NA,NA,NA,NA,NA,NA,NA,NA
Generation.III,359,Absol,NA,NA,NA,NA,NA,NA,NA,NA,NA,NA
Generation.III,359,Absol,NA,NA,NA,NA,NA,NA,NA,NA,NA,NA
Generation.III,359,Absol,NA,NA,NA,NA,NA,NA,NA,NA,NA,NA
Generation.III,359,Absol,NA,NA,NA,NA,NA,NA,NA,NA,NA,NA
Generation.III,359,Absol,NA,NA,NA,NA,NA,NA,NA,NA,NA,NA
Generation.III,359,Absol,NA,NA,NA,NA,NA,NA,NA,NA,NA,NA
Generation.III,359,Absol,NA,NA,NA,NA,NA,NA,NA,NA,NA,NA
Generation.III,359,Absol,NA,NA,NA,NA,NA,NA,NA,NA,NA,NA
Generation.III,359,Absol,NA,NA,NA,NA,NA,NA,NA,NA,NA,NA
Generation.III,359,Absol,NA,NA,NA,NA,NA,NA,NA,NA,NA,NA
Generation.III,359,Absol,NA,NA,NA,NA,NA,NA,NA,NA,NA,NA
Generation.III,359,Absol,NA,NA,NA,NA,NA,NA,NA,NA,NA,NA
Generation.III,359,Absol,NA,NA,NA,NA,NA,NA,NA,NA,NA,NA
Generation.III,359,Absol,NA,NA,NA,NA,NA,NA,NA,NA,NA,NA
Generation.III,359,Absol,NA,NA,NA,NA,NA,NA,NA,NA,NA,NA
Generation.III,359,Absol,NA,NA,NA,NA,NA,NA,NA,NA,NA,NA
Generation.III,359,Absol,NA,NA,NA,NA,NA,NA,NA,NA,NA,NA
Generation.III,359,Absol,NA,NA,NA,NA,NA,NA,NA,NA,NA,NA
Generation.III,359,Absol,NA,NA,NA,NA,NA,NA,NA,NA,NA,NA
Generation.III,359,Absol,NA,NA,NA,NA,NA,NA,NA,NA,NA,NA
Generation.III,359,Absol,NA,NA,NA,NA,NA,NA,NA,NA,NA,NA
Generation.III,359,Absol,NA,NA,NA,NA,NA,NA,NA,NA,NA,NA
Generation.III,359,Absol,NA,NA,NA,NA,NA,NA,NA,NA,NA,NA
Generation.III,359,Absol,NA,NA,NA,NA,NA,NA,NA,NA,NA,NA
Generation.III,359,Absol,NA,NA,NA,NA,NA,NA,NA,NA,NA,NA
Generation.III,359,Absol,NA,NA,NA,NA,NA,NA,NA,NA,NA,NA
Generation.III,359,Absol,NA,NA,NA,NA,NA,NA,NA,NA,NA,NA
Generation.III,359,Absol,NA,NA,NA,NA,NA,NA,NA,NA,NA,NA
Generation.III,359,Absol,NA,NA,NA,NA,NA,NA,NA,NA,NA,NA
Generation.III,359,Absol,NA,NA,NA,NA,NA,NA,NA,NA,NA,NA
Generation.III,359,Absol,NA,NA,NA,NA,NA,NA,NA,NA,NA,NA
Generation.III,359,Absol,NA,NA,NA,NA,NA,NA,NA,NA,NA,NA
Generation.III,359,Absol,NA,NA,NA,NA,NA,NA,NA,NA,NA,NA
Generation.III,359,Absol,NA,NA,NA,NA,NA,NA,NA,NA,NA,NA
Generation.III,359,Absol,NA,NA,NA,NA,NA,NA,NA,NA,NA,NA
Generation.III,359,Absol,NA,NA,NA,NA,NA,NA,NA,NA,NA,NA
Generation.III,359,Absol,NA,NA,NA,NA,NA,NA,NA,NA,NA,NA
Generation.III,359,Absol,NA,NA,NA,NA,NA,NA,NA,NA,NA,NA
Generation.III,359,Absol,NA,NA,NA,NA,NA,NA,NA,NA,NA,NA
Generation.III,359,Absol,NA,NA,NA,NA,NA,NA,NA,NA,NA,NA
Generation.III,359,Absol,NA,NA,NA,NA,NA,NA,NA,NA,NA,NA
Generation.IV,387,Turtwig,NA,NA,NA,NA,NA,NA,NA,NA,NA,NA
Generation.IV,388,Grotle,NA,NA,NA,NA,NA,NA,NA,NA,NA,NA
Generation.IV,389,Torterra,NA,NA,NA,NA,NA,NA,NA,NA,NA,NA
Generation.IV,390,Chimchar,NA,NA,NA,NA,NA,NA,NA,NA,NA,NA
Generation.IV,391,Monferno,NA,NA,NA,NA,NA,NA,NA,NA,NA,NA
Generation.IV,392,Infernape,NA,NA,NA,NA,NA,NA,NA,NA,NA,NA
Generation.IV,393,Piplup,NA,NA,NA,NA,NA,NA,NA,NA,NA,NA
Generation.IV,394,Prinplup,NA,NA,NA,NA,NA,NA,NA,NA,NA,NA
Generation.IV,395,Empoleon,NA,NA,NA,NA,NA,NA,NA,NA,NA,NA
Generation.IV,396,Starly,NA,NA,NA,NA,NA,NA,NA,NA,NA,NA
Generation.IV,397,Staravia,NA,NA,NA,NA,NA,NA,NA,NA,NA,NA
Generation.IV,398,Staraptor,NA,NA,NA,NA,NA,NA,NA,NA,NA,NA
Generation.IV,399,Bidoof,NA,NA,NA,NA,NA,NA,NA,NA,NA,NA
Generation.IV,400,Bibarel,NA,NA,NA,NA,NA,NA,NA,NA,NA,NA
Generation.IV,401,Kricketot,NA,NA,NA,NA,NA,NA,NA,NA,NA,NA
Generation.IV,402,Kricketune,NA,NA,NA,NA,NA,NA,NA,NA,NA,NA
Generation.IV,403,Shinx,NA,NA,NA,NA,NA,NA,NA,NA,NA,NA
Generation.IV,404,Luxio,NA,NA,NA,NA,NA,NA,NA,NA,NA,NA
Generation.IV,405,Luxray,NA,NA,NA,NA,NA,NA,NA,NA,NA,NA
Generation.IV,406,Budew ※,NA,NA,NA,NA,NA,NA,NA,NA,NA,NA
Generation.IV,407,Roserade,NA,NA,NA,NA,NA,NA,NA,NA,NA,NA
Generation.IV,408,Cranidos ~,NA,NA,NA,NA,NA,NA,NA,NA,NA,NA
Generation.IV,409,Rampardos ~,NA,NA,NA,NA,NA,NA,NA,NA,NA,NA
Generation.IV,410,Shieldon ~,NA,NA,NA,NA,NA,NA,NA,NA,NA,NA
Generation.IV,411,Bastiodon ~,NA,NA,NA,NA,NA,NA,NA,NA,NA,NA
Generation.IV,412,Burmy,NA,NA,NA,NA,NA,NA,NA,NA,NA,NA
Generation.IV,413,Wormadam,NA,NA,NA,NA,NA,NA,NA,NA,NA,NA
Generation.IV,414,Mothim,NA,NA,NA,NA,NA,NA,NA,NA,NA,NA
Generation.IV,415,Combee,NA,NA,NA,NA,NA,NA,NA,NA,NA,NA
Generation.IV,416,Vespiquen,NA,NA,NA,NA,NA,NA,NA,NA,NA,NA
Generation.IV,417,Pachirisu,NA,NA,NA,NA,NA,NA,NA,NA,NA,NA
Generation.IV,418,Buizel,NA,NA,NA,NA,NA,NA,NA,NA,NA,NA
Generation.IV,419,Floatzel,NA,NA,NA,NA,NA,NA,NA,NA,NA,NA
Generation.IV,420,Cherubi,NA,NA,NA,NA,NA,NA,NA,NA,NA,NA
Generation.IV,421,Cherrim,NA,NA,NA,NA,NA,NA,NA,NA,NA,NA
Generation.IV,422,Shellos,NA,NA,NA,NA,NA,NA,NA,NA,NA,NA
Generation.IV,423,Gastrodon,NA,NA,NA,NA,NA,NA,NA,NA,NA,NA
Generation.IV,424,Ambipom,NA,NA,NA,NA,NA,NA,NA,NA,NA,NA
Generation.IV,425,Drifloon,NA,NA,NA,NA,NA,NA,NA,NA,NA,NA
Generation.IV,426,Drifblim,NA,NA,NA,NA,NA,NA,NA,NA,NA,NA
Generation.IV,427,Buneary,NA,NA,NA,NA,NA,NA,NA,NA,NA,NA
Generation.IV,428,Lopunny,NA,NA,NA,NA,NA,NA,NA,NA,NA,NA
Generation.IV,429,Mismagius,NA,NA,NA,NA,NA,NA,NA,NA,NA,NA
Generation.IV,430,Honchkrow,NA,NA,NA,NA,NA,NA,NA,NA,NA,NA
Generation.IV,431,Glameow,NA,NA,NA,NA,NA,NA,NA,NA,NA,NA
Generation.IV,432,Purugly,NA,NA,NA,NA,NA,NA,NA,NA,NA,NA
Generation.IV,433,Chingling ※,NA,NA,NA,NA,NA,NA,NA,NA,NA,NA
Generation.IV,434,Stunky,NA,NA,NA,NA,NA,NA,NA,NA,NA,NA
Generation.IV,435,Skuntank,NA,NA,NA,NA,NA,NA,NA,NA,NA,NA
Generation.IV,436,Bronzor,NA,NA,NA,NA,NA,NA,NA,NA,NA,NA
Generation.IV,437,Bronzong,NA,NA,NA,NA,NA,NA,NA,NA,NA,NA
Generation.IV,438,Bonsly ※,NA,NA,NA,NA,NA,NA,NA,NA,NA,NA
Generation.IV,439,Mime Jr. ※,NA,NA,NA,NA,NA,NA,NA,NA,NA,NA
Generation.IV,440,Happiny ※,NA,NA,NA,NA,NA,NA,NA,NA,NA,NA
Generation.IV,441,Chatot,NA,NA,NA,NA,NA,NA,NA,NA,NA,NA
Generation.IV,442,Spiritomb,NA,NA,NA,NA,NA,NA,NA,NA,NA,NA
Generation.IV,443,Gible,NA,NA,NA,NA,NA,NA,NA,NA,NA,NA
Generation.IV,444,Gabite,NA,NA,NA,NA,NA,NA,NA,NA,NA,NA
Generation.IV,445,Garchomp,NA,NA,NA,NA,NA,NA,NA,NA,NA,NA
Generation.IV,446,Munchlax ※,NA,NA,NA,NA,NA,NA,NA,NA,NA,NA
Generation.IV,447,Riolu ※,NA,NA,NA,NA,NA,NA,NA,NA,NA,NA
Generation.IV,448,Lucario,NA,NA,NA,NA,NA,NA,NA,NA,NA,NA
Generation.IV,449,Hippopotas,NA,NA,NA,NA,NA,NA,NA,NA,NA,NA
Generation.IV,450,Hippowdon,NA,NA,NA,NA,NA,NA,NA,NA,NA,NA
Generation.IV,451,Skorupi,NA,NA,NA,NA,NA,NA,NA,NA,NA,NA
Generation.IV,452,Drapion,NA,NA,NA,NA,NA,NA,NA,NA,NA,NA
Generation.IV,453,Croagunk,NA,NA,NA,NA,NA,NA,NA,NA,NA,NA
Generation.IV,454,Toxicroak,NA,NA,NA,NA,NA,NA,NA,NA,NA,NA
Generation.IV,455,Carnivine,NA,NA,NA,NA,NA,NA,NA,NA,NA,NA
Generation.IV,456,Finneon,NA,NA,NA,NA,NA,NA,NA,NA,NA,NA
Generation.IV,457,Lumineon,NA,NA,NA,NA,NA,NA,NA,NA,NA,NA
Generation.IV,458,Mantyke ※,NA,NA,NA,NA,NA,NA,NA,NA,NA,NA
Generation.IV,459,Snover,NA,NA,NA,NA,NA,NA,NA,NA,NA,NA
Generation.IV,460,Abomasnow,NA,NA,NA,NA,NA,NA,NA,NA,NA,NA
Generation.IV,461,Weavile,NA,NA,NA,NA,NA,NA,NA,NA,NA,NA
Generation.IV,462,Magnezone,NA,NA,NA,NA,NA,NA,NA,NA,NA,NA
Generation.IV,463,Lickilicky,NA,NA,NA,NA,NA,NA,NA,NA,NA,NA
Generation.IV,464,Rhyperior,NA,NA,NA,NA,NA,NA,NA,NA,NA,NA
Generation.IV,465,Tangrowth,NA,NA,NA,NA,NA,NA,NA,NA,NA,NA
Generation.IV,466,Electivire,NA,NA,NA,NA,NA,NA,NA,NA,NA,NA
Generation.IV,467,Magmortar,NA,NA,NA,NA,NA,NA,NA,NA,NA,NA
Generation.IV,468,Togekiss,NA,NA,NA,NA,NA,NA,NA,NA,NA,NA
Generation.IV,469,Yanmega,NA,NA,NA,NA,NA,NA,NA,NA,NA,NA
Generation.IV,470,Leafeon,NA,NA,NA,NA,NA,NA,NA,NA,NA,NA
Generation.IV,471,Glaceon,NA,NA,NA,NA,NA,NA,NA,NA,NA,NA
Generation.IV,472,Gliscor,NA,NA,NA,NA,NA,NA,NA,NA,NA,NA
Generation.IV,473,Mamoswine,NA,NA,NA,NA,NA,NA,NA,NA,NA,NA
Generation.IV,474,Porygon-Z,NA,NA,NA,NA,NA,NA,NA,NA,NA,NA
Generation.IV,475,Gallade,NA,NA,NA,NA,NA,NA,NA,NA,NA,NA
Generation.IV,476,Probopass,NA,NA,NA,NA,NA,NA,NA,NA,NA,NA
Generation.IV,477,Dusknoir,NA,NA,NA,NA,NA,NA,NA,NA,NA,NA
Generation.IV,478,Froslass,NA,NA,NA,NA,NA,NA,NA,NA,NA,NA
Generation.IV,479,Rotom,NA,NA,NA,NA,NA,NA,NA,NA,NA,NA
Generation.IV,480,Uxie,NA,NA,NA,NA,NA,NA,NA,NA,NA,NA
Generation.IV,481,Mesprit,NA,NA,NA,NA,NA,NA,NA,NA,NA,NA
Generation.IV,482,Azelf,NA,NA,NA,NA,NA,NA,NA,NA,NA,NA
Generation.IV,483,Dialga,NA,NA,NA,NA,NA,NA,NA,NA,NA,NA
Generation.IV,484,Palkia,NA,NA,NA,NA,NA,NA,NA,NA,NA,NA
Generation.IV,485,Heatran,NA,NA,NA,NA,NA,NA,NA,NA,NA,NA
Generation.IV,486,Regigigas,NA,NA,NA,NA,NA,NA,NA,NA,NA,NA
Generation.IV,487,Giratina,NA,NA,NA,NA,NA,NA,NA,NA,NA,NA
Generation.IV,488,Cresselia,NA,NA,NA,NA,NA,NA,NA,NA,NA,NA
Generation.IV,489,Phione ♭,NA,NA,NA,NA,NA,NA,NA,NA,NA,NA
Generation.IV,490,Manaphy ♭,NA,NA,NA,NA,NA,NA,NA,NA,NA,NA
Generation.IV,491,Darkrai  ♭,NA,NA,NA,NA,NA,NA,NA,NA,NA,NA
Generation.IV,492,Shaymin ♭,NA,NA,NA,NA,NA,NA,NA,NA,NA,NA
Generation.IV,493,Arceus ♭,NA,NA,NA,NA,NA,NA,NA,NA,NA,NA
Generation.IV,360,Wynaut ※,NA,NA,NA,NA,NA,NA,NA,NA,NA,NA
Generation.IV,361,Snorunt,NA,NA,NA,NA,NA,NA,NA,NA,NA,NA
Generation.IV,362,Glalie,NA,NA,NA,NA,NA,NA,NA,NA,NA,NA
Generation.IV,363,Spheal,NA,NA,NA,NA,NA,NA,NA,NA,NA,NA
Generation.IV,364,Sealeo,NA,NA,NA,NA,NA,NA,NA,NA,NA,NA
Generation.IV,365,Walrein,NA,NA,NA,NA,NA,NA,NA,NA,NA,NA
Generation.IV,366,Clamperl,NA,NA,NA,NA,NA,NA,NA,NA,NA,NA
Generation.IV,367,Huntail,NA,NA,NA,NA,NA,NA,NA,NA,NA,NA
Generation.IV,368,Gorebyss,NA,NA,NA,NA,NA,NA,NA,NA,NA,NA
Generation.IV,369,Relicanth,NA,NA,NA,NA,NA,NA,NA,NA,NA,NA
Generation.IV,370,Luvdisc,NA,NA,NA,NA,NA,NA,NA,NA,NA,NA
Generation.IV,371,Bagon,NA,NA,NA,NA,NA,NA,NA,NA,NA,NA
Generation.IV,372,Shelgon,NA,NA,NA,NA,NA,NA,NA,NA,NA,NA
Generation.IV,373,Salamence,NA,NA,NA,NA,NA,NA,NA,NA,NA,NA
Generation.IV,374,Beldum,NA,NA,NA,NA,NA,NA,NA,NA,NA,NA
Generation.IV,375,Metang,NA,NA,NA,NA,NA,NA,NA,NA,NA,NA
Generation.IV,376,Metagross,NA,NA,NA,NA,NA,NA,NA,NA,NA,NA
Generation.IV,377,Regirock,NA,NA,NA,NA,NA,NA,NA,NA,NA,NA
Generation.IV,378,Regice,NA,NA,NA,NA,NA,NA,NA,NA,NA,NA
Generation.IV,379,Registeel,NA,NA,NA,NA,NA,NA,NA,NA,NA,NA
Generation.IV,380,Latias,NA,NA,NA,NA,NA,NA,NA,NA,NA,NA
Generation.IV,381,Latios,NA,NA,NA,NA,NA,NA,NA,NA,NA,NA
Generation.IV,382,Kyogre,NA,NA,NA,NA,NA,NA,NA,NA,NA,NA
Generation.IV,383,Groudon,NA,NA,NA,NA,NA,NA,NA,NA,NA,NA
Generation.IV,384,Rayquaza,NA,NA,NA,NA,NA,NA,NA,NA,NA,NA
Generation.IV,385,Jirachi ♭,NA,NA,NA,NA,NA,NA,NA,NA,NA,NA
Generation.IV,386,Deoxys ♭[e],NA,NA,NA,NA,NA,NA,NA,NA,NA,NA
Generation.V,494,Victini ♭,NA,NA,NA,NA,NA,NA,NA,NA,NA,NA
Generation.V,495,Snivy,NA,NA,NA,NA,NA,NA,NA,NA,NA,NA
Generation.V,496,Servine,NA,NA,NA,NA,NA,NA,NA,NA,NA,NA
Generation.V,497,Serperior,NA,NA,NA,NA,NA,NA,NA,NA,NA,NA
Generation.V,498,Tepig,NA,NA,NA,NA,NA,NA,NA,NA,NA,NA
Generation.V,499,Pignite,NA,NA,NA,NA,NA,NA,NA,NA,NA,NA
Generation.V,500,Emboar,NA,NA,NA,NA,NA,NA,NA,NA,NA,NA
Generation.V,501,Oshawott,NA,NA,NA,NA,NA,NA,NA,NA,NA,NA
Generation.V,502,Dewott,NA,NA,NA,NA,NA,NA,NA,NA,NA,NA
Generation.V,503,Samurott,NA,NA,NA,NA,NA,NA,NA,NA,NA,NA
Generation.V,504,Patrat,NA,NA,NA,NA,NA,NA,NA,NA,NA,NA
Generation.V,505,Watchog,NA,NA,NA,NA,NA,NA,NA,NA,NA,NA
Generation.V,506,Lillipup,NA,NA,NA,NA,NA,NA,NA,NA,NA,NA
Generation.V,507,Herdier,NA,NA,NA,NA,NA,NA,NA,NA,NA,NA
Generation.V,508,Stoutland,NA,NA,NA,NA,NA,NA,NA,NA,NA,NA
Generation.V,509,Purrloin,NA,NA,NA,NA,NA,NA,NA,NA,NA,NA
Generation.V,510,Liepard,NA,NA,NA,NA,NA,NA,NA,NA,NA,NA
Generation.V,511,Pansage,NA,NA,NA,NA,NA,NA,NA,NA,NA,NA
Generation.V,512,Simisage,NA,NA,NA,NA,NA,NA,NA,NA,NA,NA
Generation.V,513,Pansear,NA,NA,NA,NA,NA,NA,NA,NA,NA,NA
Generation.V,514,Simisear,NA,NA,NA,NA,NA,NA,NA,NA,NA,NA
Generation.V,515,Panpour,NA,NA,NA,NA,NA,NA,NA,NA,NA,NA
Generation.V,516,Simipour,NA,NA,NA,NA,NA,NA,NA,NA,NA,NA
Generation.V,517,Munna,NA,NA,NA,NA,NA,NA,NA,NA,NA,NA
Generation.V,518,Musharna,NA,NA,NA,NA,NA,NA,NA,NA,NA,NA
Generation.V,519,Pidove,NA,NA,NA,NA,NA,NA,NA,NA,NA,NA
Generation.V,520,Tranquill,NA,NA,NA,NA,NA,NA,NA,NA,NA,NA
Generation.V,521,Unfezant,NA,NA,NA,NA,NA,NA,NA,NA,NA,NA
Generation.V,522,Blitzle,NA,NA,NA,NA,NA,NA,NA,NA,NA,NA
Generation.V,523,Zebstrika,NA,NA,NA,NA,NA,NA,NA,NA,NA,NA
Generation.V,524,Roggenrola,NA,NA,NA,NA,NA,NA,NA,NA,NA,NA
Generation.V,525,Boldore,NA,NA,NA,NA,NA,NA,NA,NA,NA,NA
Generation.V,526,Gigalith,NA,NA,NA,NA,NA,NA,NA,NA,NA,NA
Generation.V,527,Woobat,NA,NA,NA,NA,NA,NA,NA,NA,NA,NA
Generation.V,528,Swoobat,NA,NA,NA,NA,NA,NA,NA,NA,NA,NA
Generation.V,529,Drilbur,NA,NA,NA,NA,NA,NA,NA,NA,NA,NA
Generation.V,530,Excadrill,NA,NA,NA,NA,NA,NA,NA,NA,NA,NA
Generation.V,531,Audino,NA,NA,NA,NA,NA,NA,NA,NA,NA,NA
Generation.V,532,Timburr,NA,NA,NA,NA,NA,NA,NA,NA,NA,NA
Generation.V,533,Gurdurr,NA,NA,NA,NA,NA,NA,NA,NA,NA,NA
Generation.V,534,Conkeldurr,NA,NA,NA,NA,NA,NA,NA,NA,NA,NA
Generation.V,535,Tympole,NA,NA,NA,NA,NA,NA,NA,NA,NA,NA
Generation.V,536,Palpitoad,NA,NA,NA,NA,NA,NA,NA,NA,NA,NA
Generation.V,537,Seismitoad,NA,NA,NA,NA,NA,NA,NA,NA,NA,NA
Generation.V,538,Throh,NA,NA,NA,NA,NA,NA,NA,NA,NA,NA
Generation.V,539,Sawk,NA,NA,NA,NA,NA,NA,NA,NA,NA,NA
Generation.V,540,Sewaddle,NA,NA,NA,NA,NA,NA,NA,NA,NA,NA
Generation.V,541,Swadloon,NA,NA,NA,NA,NA,NA,NA,NA,NA,NA
Generation.V,542,Leavanny,NA,NA,NA,NA,NA,NA,NA,NA,NA,NA
Generation.V,543,Venipede,NA,NA,NA,NA,NA,NA,NA,NA,NA,NA
Generation.V,544,Whirlipede,NA,NA,NA,NA,NA,NA,NA,NA,NA,NA
Generation.V,545,Scolipede,NA,NA,NA,NA,NA,NA,NA,NA,NA,NA
Generation.V,546,Cottonee,NA,NA,NA,NA,NA,NA,NA,NA,NA,NA
Generation.V,547,Whimsicott,NA,NA,NA,NA,NA,NA,NA,NA,NA,NA
Generation.V,548,Petilil,NA,NA,NA,NA,NA,NA,NA,NA,NA,NA
Generation.V,549,Lilligant,NA,NA,NA,NA,NA,NA,NA,NA,NA,NA
Generation.V,550,Basculin,NA,NA,NA,NA,NA,NA,NA,NA,NA,NA
Generation.V,551,Sandile,NA,NA,NA,NA,NA,NA,NA,NA,NA,NA
Generation.V,552,Krokorok,NA,NA,NA,NA,NA,NA,NA,NA,NA,NA
Generation.V,553,Krookodile,NA,NA,NA,NA,NA,NA,NA,NA,NA,NA
Generation.V,554,Darumaka,NA,NA,NA,NA,NA,NA,NA,NA,NA,NA
Generation.V,555,Darmanitan,NA,NA,NA,NA,NA,NA,NA,NA,NA,NA
Generation.V,556,Maractus,NA,NA,NA,NA,NA,NA,NA,NA,NA,NA
Generation.V,557,Dwebble,NA,NA,NA,NA,NA,NA,NA,NA,NA,NA
Generation.V,558,Crustle,NA,NA,NA,NA,NA,NA,NA,NA,NA,NA
Generation.V,559,Scraggy,NA,NA,NA,NA,NA,NA,NA,NA,NA,NA
Generation.V,560,Scrafty,NA,NA,NA,NA,NA,NA,NA,NA,NA,NA
Generation.V,561,Sigilyph,NA,NA,NA,NA,NA,NA,NA,NA,NA,NA
Generation.V,562,Yamask,NA,NA,NA,NA,NA,NA,NA,NA,NA,NA
Generation.V,563,Cofagrigus,NA,NA,NA,NA,NA,NA,NA,NA,NA,NA
Generation.V,564,Tirtouga ~,NA,NA,NA,NA,NA,NA,NA,NA,NA,NA
Generation.V,565,Carracosta ~,NA,NA,NA,NA,NA,NA,NA,NA,NA,NA
Generation.V,566,Archen ~,NA,NA,NA,NA,NA,NA,NA,NA,NA,NA
Generation.V,567,Archeops ~,NA,NA,NA,NA,NA,NA,NA,NA,NA,NA
Generation.V,568,Trubbish,NA,NA,NA,NA,NA,NA,NA,NA,NA,NA
Generation.V,569,Garbodor,NA,NA,NA,NA,NA,NA,NA,NA,NA,NA
Generation.V,570,Zorua,NA,NA,NA,NA,NA,NA,NA,NA,NA,NA
Generation.V,571,Zoroark,NA,NA,NA,NA,NA,NA,NA,NA,NA,NA
Generation.V,572,Minccino,NA,NA,NA,NA,NA,NA,NA,NA,NA,NA
Generation.V,573,Cinccino,NA,NA,NA,NA,NA,NA,NA,NA,NA,NA
Generation.V,574,Gothita,NA,NA,NA,NA,NA,NA,NA,NA,NA,NA
Generation.V,575,Gothorita,NA,NA,NA,NA,NA,NA,NA,NA,NA,NA
Generation.V,576,Gothitelle,NA,NA,NA,NA,NA,NA,NA,NA,NA,NA
Generation.V,577,Solosis,NA,NA,NA,NA,NA,NA,NA,NA,NA,NA
Generation.V,578,Duosion,NA,NA,NA,NA,NA,NA,NA,NA,NA,NA
Generation.V,579,Reuniclus,NA,NA,NA,NA,NA,NA,NA,NA,NA,NA
Generation.V,580,Ducklett,NA,NA,NA,NA,NA,NA,NA,NA,NA,NA
Generation.V,581,Swanna,NA,NA,NA,NA,NA,NA,NA,NA,NA,NA
Generation.V,582,Vanillite,NA,NA,NA,NA,NA,NA,NA,NA,NA,NA
Generation.V,583,Vanillish,NA,NA,NA,NA,NA,NA,NA,NA,NA,NA
Generation.V,584,Vanilluxe,NA,NA,NA,NA,NA,NA,NA,NA,NA,NA
Generation.V,585,Deerling,NA,NA,NA,NA,NA,NA,NA,NA,NA,NA
Generation.V,586,Sawsbuck,NA,NA,NA,NA,NA,NA,NA,NA,NA,NA
Generation.V,587,Emolga,NA,NA,NA,NA,NA,NA,NA,NA,NA,NA
Generation.V,588,Karrablast,NA,NA,NA,NA,NA,NA,NA,NA,NA,NA
Generation.V,589,Escavalier,NA,NA,NA,NA,NA,NA,NA,NA,NA,NA
Generation.V,590,Foongus,NA,NA,NA,NA,NA,NA,NA,NA,NA,NA
Generation.V,591,Amoonguss,NA,NA,NA,NA,NA,NA,NA,NA,NA,NA
Generation.V,592,Frillish,NA,NA,NA,NA,NA,NA,NA,NA,NA,NA
Generation.V,593,Jellicent,NA,NA,NA,NA,NA,NA,NA,NA,NA,NA
Generation.V,594,Alomomola,NA,NA,NA,NA,NA,NA,NA,NA,NA,NA
Generation.V,595,Joltik,NA,NA,NA,NA,NA,NA,NA,NA,NA,NA
Generation.V,596,Galvantula,NA,NA,NA,NA,NA,NA,NA,NA,NA,NA
Generation.V,597,Ferroseed,NA,NA,NA,NA,NA,NA,NA,NA,NA,NA
Generation.V,598,Ferrothorn,NA,NA,NA,NA,NA,NA,NA,NA,NA,NA
Generation.V,599,Klink,NA,NA,NA,NA,NA,NA,NA,NA,NA,NA
Generation.V,600,Klang,NA,NA,NA,NA,NA,NA,NA,NA,NA,NA
Generation.V,601,Klinklang,NA,NA,NA,NA,NA,NA,NA,NA,NA,NA
Generation.V,602,Tynamo,NA,NA,NA,NA,NA,NA,NA,NA,NA,NA
Generation.V,603,Eelektrik,NA,NA,NA,NA,NA,NA,NA,NA,NA,NA
Generation.V,604,Eelektross,NA,NA,NA,NA,NA,NA,NA,NA,NA,NA
Generation.V,605,Elgyem,NA,NA,NA,NA,NA,NA,NA,NA,NA,NA
Generation.V,606,Beheeyem,NA,NA,NA,NA,NA,NA,NA,NA,NA,NA
Generation.V,607,Litwick,NA,NA,NA,NA,NA,NA,NA,NA,NA,NA
Generation.V,608,Lampent,NA,NA,NA,NA,NA,NA,NA,NA,NA,NA
Generation.V,609,Chandelure,NA,NA,NA,NA,NA,NA,NA,NA,NA,NA
Generation.V,610,Axew,NA,NA,NA,NA,NA,NA,NA,NA,NA,NA
Generation.V,611,Fraxure,NA,NA,NA,NA,NA,NA,NA,NA,NA,NA
Generation.V,612,Haxorus,NA,NA,NA,NA,NA,NA,NA,NA,NA,NA
Generation.V,613,Cubchoo,NA,NA,NA,NA,NA,NA,NA,NA,NA,NA
Generation.V,614,Beartic,NA,NA,NA,NA,NA,NA,NA,NA,NA,NA
Generation.V,615,Cryogonal,NA,NA,NA,NA,NA,NA,NA,NA,NA,NA
Generation.V,616,Shelmet,NA,NA,NA,NA,NA,NA,NA,NA,NA,NA
Generation.V,617,Accelgor,NA,NA,NA,NA,NA,NA,NA,NA,NA,NA
Generation.V,618,Stunfisk,NA,NA,NA,NA,NA,NA,NA,NA,NA,NA
Generation.V,619,Mienfoo,NA,NA,NA,NA,NA,NA,NA,NA,NA,NA
Generation.V,620,Mienshao,NA,NA,NA,NA,NA,NA,NA,NA,NA,NA
Generation.V,621,Druddigon,NA,NA,NA,NA,NA,NA,NA,NA,NA,NA
Generation.V,622,Golett,NA,NA,NA,NA,NA,NA,NA,NA,NA,NA
Generation.V,623,Golurk,NA,NA,NA,NA,NA,NA,NA,NA,NA,NA
Generation.V,624,Pawniard,NA,NA,NA,NA,NA,NA,NA,NA,NA,NA
Generation.V,625,Bisharp,NA,NA,NA,NA,NA,NA,NA,NA,NA,NA
Generation.V,626,Bouffalant,NA,NA,NA,NA,NA,NA,NA,NA,NA,NA
Generation.V,627,Rufflet,NA,NA,NA,NA,NA,NA,NA,NA,NA,NA
Generation.V,628,Braviary,NA,NA,NA,NA,NA,NA,NA,NA,NA,NA
Generation.V,629,Vullaby,NA,NA,NA,NA,NA,NA,NA,NA,NA,NA
Generation.V,630,Mandibuzz,NA,NA,NA,NA,NA,NA,NA,NA,NA,NA
Generation.V,631,Heatmor,NA,NA,NA,NA,NA,NA,NA,NA,NA,NA
Generation.V,632,Durant,NA,NA,NA,NA,NA,NA,NA,NA,NA,NA
Generation.V,633,Deino,NA,NA,NA,NA,NA,NA,NA,NA,NA,NA
Generation.V,634,Zweilous,NA,NA,NA,NA,NA,NA,NA,NA,NA,NA
Generation.V,635,Hydreigon,NA,NA,NA,NA,NA,NA,NA,NA,NA,NA
Generation.V,636,Larvesta,NA,NA,NA,NA,NA,NA,NA,NA,NA,NA
Generation.V,637,Volcarona,NA,NA,NA,NA,NA,NA,NA,NA,NA,NA
Generation.V,638,Cobalion,NA,NA,NA,NA,NA,NA,NA,NA,NA,NA
Generation.V,639,Terrakion,NA,NA,NA,NA,NA,NA,NA,NA,NA,NA
Generation.V,640,Virizion,NA,NA,NA,NA,NA,NA,NA,NA,NA,NA
Generation.V,641,Tornadus,NA,NA,NA,NA,NA,NA,NA,NA,NA,NA
Generation.V,642,Thundurus,NA,NA,NA,NA,NA,NA,NA,NA,NA,NA
Generation.V,643,Reshiram,NA,NA,NA,NA,NA,NA,NA,NA,NA,NA
Generation.V,644,Zekrom,NA,NA,NA,NA,NA,NA,NA,NA,NA,NA
Generation.V,645,Landorus,NA,NA,NA,NA,NA,NA,NA,NA,NA,NA
Generation.V,646,Kyurem,NA,NA,NA,NA,NA,NA,NA,NA,NA,NA
Generation.V,647,Keldeo ♭,NA,NA,NA,NA,NA,NA,NA,NA,NA,NA
Generation.V,648,Meloetta ♭,NA,NA,NA,NA,NA,NA,NA,NA,NA,NA
Generation.V,649,Genesect ♭,NA,NA,NA,NA,NA,NA,NA,NA,NA,NA
Generation.VI,650,Chespin,NA,NA,NA,NA,NA,NA,NA,NA,NA,NA
Generation.VI,651,Quilladin,NA,NA,NA,NA,NA,NA,NA,NA,NA,NA
Generation.VI,652,Chesnaught,NA,NA,NA,NA,NA,NA,NA,NA,NA,NA
Generation.VI,653,Fennekin,NA,NA,NA,NA,NA,NA,NA,NA,NA,NA
Generation.VI,654,Braixen,NA,NA,NA,NA,NA,NA,NA,NA,NA,NA
Generation.VI,655,Delphox,NA,NA,NA,NA,NA,NA,NA,NA,NA,NA
Generation.VI,656,Froakie,NA,NA,NA,NA,NA,NA,NA,NA,NA,NA
Generation.VI,657,Frogadier,NA,NA,NA,NA,NA,NA,NA,NA,NA,NA
Generation.VI,658,Greninja,NA,NA,NA,NA,NA,NA,NA,NA,NA,NA
Generation.VI,659,Bunnelby,NA,NA,NA,NA,NA,NA,NA,NA,NA,NA
Generation.VI,660,Diggersby,NA,NA,NA,NA,NA,NA,NA,NA,NA,NA
Generation.VI,661,Fletchling,NA,NA,NA,NA,NA,NA,NA,NA,NA,NA
Generation.VI,662,Fletchinder,NA,NA,NA,NA,NA,NA,NA,NA,NA,NA
Generation.VI,663,Talonflame,NA,NA,NA,NA,NA,NA,NA,NA,NA,NA
Generation.VI,664,Scatterbug,NA,NA,NA,NA,NA,NA,NA,NA,NA,NA
Generation.VI,665,Spewpa,NA,NA,NA,NA,NA,NA,NA,NA,NA,NA
Generation.VI,666,Vivillon,NA,NA,NA,NA,NA,NA,NA,NA,NA,NA
Generation.VI,667,Litleo,NA,NA,NA,NA,NA,NA,NA,NA,NA,NA
Generation.VI,668,Pyroar,NA,NA,NA,NA,NA,NA,NA,NA,NA,NA
Generation.VI,669,Flabébé,NA,NA,NA,NA,NA,NA,NA,NA,NA,NA
Generation.VI,670,Floette,NA,NA,NA,NA,NA,NA,NA,NA,NA,NA
Generation.VI,671,Florges,NA,NA,NA,NA,NA,NA,NA,NA,NA,NA
Generation.VI,672,Skiddo,NA,NA,NA,NA,NA,NA,NA,NA,NA,NA
Generation.VI,673,Gogoat,NA,NA,NA,NA,NA,NA,NA,NA,NA,NA
Generation.VI,674,Pancham,NA,NA,NA,NA,NA,NA,NA,NA,NA,NA
Generation.VI,675,Pangoro,NA,NA,NA,NA,NA,NA,NA,NA,NA,NA
Generation.VI,676,Furfrou,NA,NA,NA,NA,NA,NA,NA,NA,NA,NA
Generation.VI,677,Espurr,NA,NA,NA,NA,NA,NA,NA,NA,NA,NA
Generation.VI,678,Meowstic,NA,NA,NA,NA,NA,NA,NA,NA,NA,NA
Generation.VI,679,Honedge,NA,NA,NA,NA,NA,NA,NA,NA,NA,NA
Generation.VI,680,Doublade,NA,NA,NA,NA,NA,NA,NA,NA,NA,NA
Generation.VI,681,Aegislash,NA,NA,NA,NA,NA,NA,NA,NA,NA,NA
Generation.VI,682,Spritzee,NA,NA,NA,NA,NA,NA,NA,NA,NA,NA
Generation.VI,683,Aromatisse,NA,NA,NA,NA,NA,NA,NA,NA,NA,NA
Generation.VI,684,Swirlix,NA,NA,NA,NA,NA,NA,NA,NA,NA,NA
Generation.VI,685,Slurpuff,NA,NA,NA,NA,NA,NA,NA,NA,NA,NA
Generation.VI,686,Inkay,NA,NA,NA,NA,NA,NA,NA,NA,NA,NA
Generation.VI,687,Malamar,NA,NA,NA,NA,NA,NA,NA,NA,NA,NA
Generation.VI,688,Binacle,NA,NA,NA,NA,NA,NA,NA,NA,NA,NA
Generation.VI,689,Barbaracle,NA,NA,NA,NA,NA,NA,NA,NA,NA,NA
Generation.VI,690,Skrelp,NA,NA,NA,NA,NA,NA,NA,NA,NA,NA
Generation.VI,691,Dragalge,NA,NA,NA,NA,NA,NA,NA,NA,NA,NA
Generation.VI,692,Clauncher,NA,NA,NA,NA,NA,NA,NA,NA,NA,NA
Generation.VI,693,Clawitzer,NA,NA,NA,NA,NA,NA,NA,NA,NA,NA
Generation.VI,694,Helioptile,NA,NA,NA,NA,NA,NA,NA,NA,NA,NA
Generation.VI,695,Heliolisk,NA,NA,NA,NA,NA,NA,NA,NA,NA,NA
Generation.VI,696,Tyrunt ~,NA,NA,NA,NA,NA,NA,NA,NA,NA,NA
Generation.VI,697,Tyrantrum ~,NA,NA,NA,NA,NA,NA,NA,NA,NA,NA
Generation.VI,698,Amaura ~,NA,NA,NA,NA,NA,NA,NA,NA,NA,NA
Generation.VI,699,Aurorus ~,NA,NA,NA,NA,NA,NA,NA,NA,NA,NA
Generation.VI,700,Sylveon,NA,NA,NA,NA,NA,NA,NA,NA,NA,NA
Generation.VI,701,Hawlucha,NA,NA,NA,NA,NA,NA,NA,NA,NA,NA
Generation.VI,702,Dedenne,NA,NA,NA,NA,NA,NA,NA,NA,NA,NA
Generation.VI,703,Carbink,NA,NA,NA,NA,NA,NA,NA,NA,NA,NA
Generation.VI,704,Goomy,NA,NA,NA,NA,NA,NA,NA,NA,NA,NA
Generation.VI,705,Sliggoo,NA,NA,NA,NA,NA,NA,NA,NA,NA,NA
Generation.VI,706,Goodra,NA,NA,NA,NA,NA,NA,NA,NA,NA,NA
Generation.VI,707,Klefki,NA,NA,NA,NA,NA,NA,NA,NA,NA,NA
Generation.VI,708,Phantump,NA,NA,NA,NA,NA,NA,NA,NA,NA,NA
Generation.VI,709,Trevenant,NA,NA,NA,NA,NA,NA,NA,NA,NA,NA
Generation.VI,710,Pumpkaboo,NA,NA,NA,NA,NA,NA,NA,NA,NA,NA
Generation.VI,711,Gourgeist,NA,NA,NA,NA,NA,NA,NA,NA,NA,NA
Generation.VI,712,Bergmite,NA,NA,NA,NA,NA,NA,NA,NA,NA,NA
Generation.VI,713,Avalugg,NA,NA,NA,NA,NA,NA,NA,NA,NA,NA
Generation.VI,714,Noibat,NA,NA,NA,NA,NA,NA,NA,NA,NA,NA
Generation.VI,715,Noivern,NA,NA,NA,NA,NA,NA,NA,NA,NA,NA
Generation.VI,716,Xerneas,NA,NA,NA,NA,NA,NA,NA,NA,NA,NA
Generation.VI,717,Yveltal,NA,NA,NA,NA,NA,NA,NA,NA,NA,NA
Generation.VI,718,Zygarde,NA,NA,NA,NA,NA,NA,NA,NA,NA,NA
Generation.VI,719,Diancie ♭,NA,NA,NA,NA,NA,NA,NA,NA,NA,NA
Generation.VI,720,Hoopa ♭,NA,NA,NA,NA,NA,NA,NA,NA,NA,NA
Generation.VI,721,Volcanion ♭,NA,NA,NA,NA,NA,NA,NA,NA,NA,NA
Generation.VII,722,Rowlet,NA,NA,NA,NA,NA,NA,NA,NA,NA,NA
Generation.VII,723,Dartrix,NA,NA,NA,NA,NA,NA,NA,NA,NA,NA
Generation.VII,724,Decidueye,NA,NA,NA,NA,NA,NA,NA,NA,NA,NA
Generation.VII,725,Litten,NA,NA,NA,NA,NA,NA,NA,NA,NA,NA
Generation.VII,726,Torracat,NA,NA,NA,NA,NA,NA,NA,NA,NA,NA
Generation.VII,727,Incineroar,NA,NA,NA,NA,NA,NA,NA,NA,NA,NA
Generation.VII,728,Popplio,NA,NA,NA,NA,NA,NA,NA,NA,NA,NA
Generation.VII,729,Brionne,NA,NA,NA,NA,NA,NA,NA,NA,NA,NA
Generation.VII,730,Primarina,NA,NA,NA,NA,NA,NA,NA,NA,NA,NA
Generation.VII,731,Pikipek,NA,NA,NA,NA,NA,NA,NA,NA,NA,NA
Generation.VII,732,Trumbeak,NA,NA,NA,NA,NA,NA,NA,NA,NA,NA
Generation.VII,733,Toucannon,NA,NA,NA,NA,NA,NA,NA,NA,NA,NA
Generation.VII,734,Yungoos,NA,NA,NA,NA,NA,NA,NA,NA,NA,NA
Generation.VII,735,Gumshoos,NA,NA,NA,NA,NA,NA,NA,NA,NA,NA
Generation.VII,736,Grubbin,NA,NA,NA,NA,NA,NA,NA,NA,NA,NA
Generation.VII,737,Charjabug,NA,NA,NA,NA,NA,NA,NA,NA,NA,NA
Generation.VII,738,Vikavolt,NA,NA,NA,NA,NA,NA,NA,NA,NA,NA
Generation.VII,739,Crabrawler,NA,NA,NA,NA,NA,NA,NA,NA,NA,NA
Generation.VII,740,Crabominable,NA,NA,NA,NA,NA,NA,NA,NA,NA,NA
Generation.VII,741,Oricorio,NA,NA,NA,NA,NA,NA,NA,NA,NA,NA
Generation.VII,742,Cutiefly,NA,NA,NA,NA,NA,NA,NA,NA,NA,NA
Generation.VII,743,Ribombee,NA,NA,NA,NA,NA,NA,NA,NA,NA,NA
Generation.VII,744,Rockruff,NA,NA,NA,NA,NA,NA,NA,NA,NA,NA
Generation.VII,745,Lycanroc,NA,NA,NA,NA,NA,NA,NA,NA,NA,NA
Generation.VII,746,Wishiwashi,NA,NA,NA,NA,NA,NA,NA,NA,NA,NA
Generation.VII,747,Mareanie,NA,NA,NA,NA,NA,NA,NA,NA,NA,NA
Generation.VII,748,Toxapex,NA,NA,NA,NA,NA,NA,NA,NA,NA,NA
Generation.VII,749,Mudbray,NA,NA,NA,NA,NA,NA,NA,NA,NA,NA
Generation.VII,750,Mudsdale,NA,NA,NA,NA,NA,NA,NA,NA,NA,NA
Generation.VII,751,Dewpider,NA,NA,NA,NA,NA,NA,NA,NA,NA,NA
Generation.VII,752,Araquanid,NA,NA,NA,NA,NA,NA,NA,NA,NA,NA
Generation.VII,753,Fomantis,NA,NA,NA,NA,NA,NA,NA,NA,NA,NA
Generation.VII,754,Lurantis,NA,NA,NA,NA,NA,NA,NA,NA,NA,NA
Generation.VII,755,Morelull,NA,NA,NA,NA,NA,NA,NA,NA,NA,NA
Generation.VII,756,Shiinotic,NA,NA,NA,NA,NA,NA,NA,NA,NA,NA
Generation.VII,757,Salandit,NA,NA,NA,NA,NA,NA,NA,NA,NA,NA
Generation.VII,758,Salazzle,NA,NA,NA,NA,NA,NA,NA,NA,NA,NA
Generation.VII,759,Stufful,NA,NA,NA,NA,NA,NA,NA,NA,NA,NA
Generation.VII,760,Bewear,NA,NA,NA,NA,NA,NA,NA,NA,NA,NA
Generation.VII,761,Bounsweet,NA,NA,NA,NA,NA,NA,NA,NA,NA,NA
Generation.VII,762,Steenee,NA,NA,NA,NA,NA,NA,NA,NA,NA,NA
Generation.VII,763,Tsareena,NA,NA,NA,NA,NA,NA,NA,NA,NA,NA
Generation.VII,764,Comfey,NA,NA,NA,NA,NA,NA,NA,NA,NA,NA
Generation.VII,765,Oranguru,NA,NA,NA,NA,NA,NA,NA,NA,NA,NA
Generation.VII,766,Passimian,NA,NA,NA,NA,NA,NA,NA,NA,NA,NA
Generation.VII,767,Wimpod,NA,NA,NA,NA,NA,NA,NA,NA,NA,NA
Generation.VII,768,Golisopod,NA,NA,NA,NA,NA,NA,NA,NA,NA,NA
Generation.VII,769,Sandygast,NA,NA,NA,NA,NA,NA,NA,NA,NA,NA
Generation.VII,770,Palossand,NA,NA,NA,NA,NA,NA,NA,NA,NA,NA
Generation.VII,771,Pyukumuku,NA,NA,NA,NA,NA,NA,NA,NA,NA,NA
Generation.VII,772,Type: Null,NA,NA,NA,NA,NA,NA,NA,NA,NA,NA
Generation.VII,773,Silvally,NA,NA,NA,NA,NA,NA,NA,NA,NA,NA
Generation.VII,774,Minior,NA,NA,NA,NA,NA,NA,NA,NA,NA,NA
Generation.VII,775,Komala,NA,NA,NA,NA,NA,NA,NA,NA,NA,NA
Generation.VII,776,Turtonator,NA,NA,NA,NA,NA,NA,NA,NA,NA,NA
Generation.VII,777,Togedemaru,NA,NA,NA,NA,NA,NA,NA,NA,NA,NA
Generation.VII,778,Mimikyu,NA,NA,NA,NA,NA,NA,NA,NA,NA,NA
Generation.VII,779,Bruxish,NA,NA,NA,NA,NA,NA,NA,NA,NA,NA
Generation.VII,780,Drampa,NA,NA,NA,NA,NA,NA,NA,NA,NA,NA
Generation.VII,781,Dhelmise,NA,NA,NA,NA,NA,NA,NA,NA,NA,NA
Generation.VII,782,Jangmo-o,NA,NA,NA,NA,NA,NA,NA,NA,NA,NA
Generation.VII,783,Hakamo-o,NA,NA,NA,NA,NA,NA,NA,NA,NA,NA
Generation.VII,784,Kommo-o,NA,NA,NA,NA,NA,NA,NA,NA,NA,NA
Generation.VII,785,Tapu Koko,NA,NA,NA,NA,NA,NA,NA,NA,NA,NA
Generation.VII,786,Tapu Lele,NA,NA,NA,NA,NA,NA,NA,NA,NA,NA
Generation.VII,787,Tapu Bulu,NA,NA,NA,NA,NA,NA,NA,NA,NA,NA
Generation.VII,788,Tapu Fini,NA,NA,NA,NA,NA,NA,NA,NA,NA,NA
Generation.VII,789,Cosmog,NA,NA,NA,NA,NA,NA,NA,NA,NA,NA
Generation.VII,790,Cosmoem,NA,NA,NA,NA,NA,NA,NA,NA,NA,NA
Generation.VII,791,Solgaleo,NA,NA,NA,NA,NA,NA,NA,NA,NA,NA
Generation.VII,792,Lunala,NA,NA,NA,NA,NA,NA,NA,NA,NA,NA
Generation.VII,793,Nihilego ♯,NA,NA,NA,NA,NA,NA,NA,NA,NA,NA
Generation.VII,794,Buzzwole ♯,NA,NA,NA,NA,NA,NA,NA,NA,NA,NA
Generation.VII,795,Pheromosa ♯,NA,NA,NA,NA,NA,NA,NA,NA,NA,NA
Generation.VII,796,Xurkitree ♯,NA,NA,NA,NA,NA,NA,NA,NA,NA,NA
Generation.VII,797,Celesteela ♯,NA,NA,NA,NA,NA,NA,NA,NA,NA,NA
Generation.VII,798,Kartana ♯,NA,NA,NA,NA,NA,NA,NA,NA,NA,NA
Generation.VII,799,Guzzlord ♯,NA,NA,NA,NA,NA,NA,NA,NA,NA,NA
Generation.VII,800,Necrozma,NA,NA,NA,NA,NA,NA,NA,NA,NA,NA
Generation.VII,801,Magearna ♭,NA,NA,NA,NA,NA,NA,NA,NA,NA,NA
Generation.VII,802,Marshadow ♭,NA,NA,NA,NA,NA,NA,NA,NA,NA,NA
Generation.VII,803,Poipole ♯,NA,NA,NA,NA,NA,NA,NA,NA,NA,NA
Generation.VII,804,Naganadel ♯,NA,NA,NA,NA,NA,NA,NA,NA,NA,NA
Generation.VII,805,Stakataka ♯,NA,NA,NA,NA,NA,NA,NA,NA,NA,NA
Generation.VII,806,Blacephalon ♯,NA,NA,NA,NA,NA,NA,NA,NA,NA,NA
Generation.VII,807,Zeraora ♭,NA,NA,NA,NA,NA,NA,NA,NA,NA,NA
Generation.VII,808,Meltan ♭,NA,NA,NA,NA,NA,NA,NA,NA,NA,NA
Generation.VII,809,Melmetal ♭,NA,NA,NA,NA,NA,NA,NA,NA,NA,NA
Generation.VIII,810,Grookey,NA,NA,NA,NA,NA,NA,NA,NA,NA,NA
Generation.VIII,811,Thwackey,NA,NA,NA,NA,NA,NA,NA,NA,NA,NA
Generation.VIII,812,Rillaboom,NA,NA,NA,NA,NA,NA,NA,NA,NA,NA
Generation.VIII,813,Scorbunny,NA,NA,NA,NA,NA,NA,NA,NA,NA,NA
Generation.VIII,814,Raboot,NA,NA,NA,NA,NA,NA,NA,NA,NA,NA
Generation.VIII,815,Cinderace,NA,NA,NA,NA,NA,NA,NA,NA,NA,NA
Generation.VIII,816,Sobble,NA,NA,NA,NA,NA,NA,NA,NA,NA,NA
Generation.VIII,817,Drizzile,NA,NA,NA,NA,NA,NA,NA,NA,NA,NA
Generation.VIII,818,Inteleon,NA,NA,NA,NA,NA,NA,NA,NA,NA,NA
Generation.VIII,819,Skwovet,NA,NA,NA,NA,NA,NA,NA,NA,NA,NA
Generation.VIII,820,Greedent,NA,NA,NA,NA,NA,NA,NA,NA,NA,NA
Generation.VIII,821,Rookidee,NA,NA,NA,NA,NA,NA,NA,NA,NA,NA
Generation.VIII,822,Corvisquire,NA,NA,NA,NA,NA,NA,NA,NA,NA,NA
Generation.VIII,823,Corviknight,NA,NA,NA,NA,NA,NA,NA,NA,NA,NA
Generation.VIII,824,Blipbug,NA,NA,NA,NA,NA,NA,NA,NA,NA,NA
Generation.VIII,825,Dottler,NA,NA,NA,NA,NA,NA,NA,NA,NA,NA
Generation.VIII,826,Orbeetle,NA,NA,NA,NA,NA,NA,NA,NA,NA,NA
Generation.VIII,827,Nickit,NA,NA,NA,NA,NA,NA,NA,NA,NA,NA
Generation.VIII,828,Thievul,NA,NA,NA,NA,NA,NA,NA,NA,NA,NA
Generation.VIII,829,Gossifleur,NA,NA,NA,NA,NA,NA,NA,NA,NA,NA
Generation.VIII,830,Eldegoss,NA,NA,NA,NA,NA,NA,NA,NA,NA,NA
Generation.VIII,831,Wooloo,NA,NA,NA,NA,NA,NA,NA,NA,NA,NA
Generation.VIII,832,Dubwool,NA,NA,NA,NA,NA,NA,NA,NA,NA,NA
Generation.VIII,833,Chewtle,NA,NA,NA,NA,NA,NA,NA,NA,NA,NA
Generation.VIII,834,Drednaw,NA,NA,NA,NA,NA,NA,NA,NA,NA,NA
Generation.VIII,835,Yamper,NA,NA,NA,NA,NA,NA,NA,NA,NA,NA
Generation.VIII,836,Boltund,NA,NA,NA,NA,NA,NA,NA,NA,NA,NA
Generation.VIII,837,Rolycoly,NA,NA,NA,NA,NA,NA,NA,NA,NA,NA
Generation.VIII,838,Carkol,NA,NA,NA,NA,NA,NA,NA,NA,NA,NA
Generation.VIII,839,Coalossal,NA,NA,NA,NA,NA,NA,NA,NA,NA,NA
Generation.VIII,840,Applin,NA,NA,NA,NA,NA,NA,NA,NA,NA,NA
Generation.VIII,841,Flapple,NA,NA,NA,NA,NA,NA,NA,NA,NA,NA
Generation.VIII,842,Appletun,NA,NA,NA,NA,NA,NA,NA,NA,NA,NA
Generation.VIII,843,Silicobra,NA,NA,NA,NA,NA,NA,NA,NA,NA,NA
Generation.VIII,844,Sandaconda,NA,NA,NA,NA,NA,NA,NA,NA,NA,NA
Generation.VIII,845,Cramorant,NA,NA,NA,NA,NA,NA,NA,NA,NA,NA
Generation.VIII,846,Arrokuda,NA,NA,NA,NA,NA,NA,NA,NA,NA,NA
Generation.VIII,847,Barraskewda,NA,NA,NA,NA,NA,NA,NA,NA,NA,NA
Generation.VIII,848,Toxel ※,NA,NA,NA,NA,NA,NA,NA,NA,NA,NA
Generation.VIII,849,Toxtricity,NA,NA,NA,NA,NA,NA,NA,NA,NA,NA
Generation.VIII,850,Sizzlipede,NA,NA,NA,NA,NA,NA,NA,NA,NA,NA
Generation.VIII,851,Centiskorch,NA,NA,NA,NA,NA,NA,NA,NA,NA,NA
Generation.VIII,852,Clobbopus,NA,NA,NA,NA,NA,NA,NA,NA,NA,NA
Generation.VIII,853,Grapploct,NA,NA,NA,NA,NA,NA,NA,NA,NA,NA
Generation.VIII,854,Sinistea,NA,NA,NA,NA,NA,NA,NA,NA,NA,NA
Generation.VIII,855,Polteageist,NA,NA,NA,NA,NA,NA,NA,NA,NA,NA
Generation.VIII,856,Hatenna,NA,NA,NA,NA,NA,NA,NA,NA,NA,NA
Generation.VIII,857,Hattrem,NA,NA,NA,NA,NA,NA,NA,NA,NA,NA
Generation.VIII,858,Hatterene,NA,NA,NA,NA,NA,NA,NA,NA,NA,NA
Generation.VIII,859,Impidimp,NA,NA,NA,NA,NA,NA,NA,NA,NA,NA
Generation.VIII,860,Morgrem,NA,NA,NA,NA,NA,NA,NA,NA,NA,NA
Generation.VIII,861,Grimmsnarl,NA,NA,NA,NA,NA,NA,NA,NA,NA,NA
Generation.VIII,862,Obstagoon,NA,NA,NA,NA,NA,NA,NA,NA,NA,NA
Generation.VIII,863,Perrserker,NA,NA,NA,NA,NA,NA,NA,NA,NA,NA
Generation.VIII,864,Cursola,NA,NA,NA,NA,NA,NA,NA,NA,NA,NA
Generation.VIII,865,Sirfetch'd,NA,NA,NA,NA,NA,NA,NA,NA,NA,NA
Generation.VIII,866,Mr. Rime,NA,NA,NA,NA,NA,NA,NA,NA,NA,NA
Generation.VIII,867,Runerigus,NA,NA,NA,NA,NA,NA,NA,NA,NA,NA
Generation.VIII,868,Milcery,NA,NA,NA,NA,NA,NA,NA,NA,NA,NA
Generation.VIII,869,Alcremie,NA,NA,NA,NA,NA,NA,NA,NA,NA,NA
Generation.VIII,870,Falinks,NA,NA,NA,NA,NA,NA,NA,NA,NA,NA
Generation.VIII,871,Pincurchin,NA,NA,NA,NA,NA,NA,NA,NA,NA,NA
Generation.VIII,872,Snom,NA,NA,NA,NA,NA,NA,NA,NA,NA,NA
Generation.VIII,873,Frosmoth,NA,NA,NA,NA,NA,NA,NA,NA,NA,NA
Generation.VIII,874,Stonjourner,NA,NA,NA,NA,NA,NA,NA,NA,NA,NA
Generation.VIII,875,Eiscue,NA,NA,NA,NA,NA,NA,NA,NA,NA,NA
Generation.VIII,876,Indeedee,NA,NA,NA,NA,NA,NA,NA,NA,NA,NA
Generation.VIII,877,Morpeko,NA,NA,NA,NA,NA,NA,NA,NA,NA,NA
Generation.VIII,878,Cufant,NA,NA,NA,NA,NA,NA,NA,NA,NA,NA
Generation.VIII,879,Copperajah,NA,NA,NA,NA,NA,NA,NA,NA,NA,NA
Generation.VIII,880,Dracozolt ~,NA,NA,NA,NA,NA,NA,NA,NA,NA,NA
Generation.VIII,881,Arctozolt ~,NA,NA,NA,NA,NA,NA,NA,NA,NA,NA
Generation.VIII,882,Dracovish ~,NA,NA,NA,NA,NA,NA,NA,NA,NA,NA
Generation.VIII,883,Arctovish ~,NA,NA,NA,NA,NA,NA,NA,NA,NA,NA
Generation.VIII,884,Duraludon,NA,NA,NA,NA,NA,NA,NA,NA,NA,NA
Generation.VIII,885,Dreepy,NA,NA,NA,NA,NA,NA,NA,NA,NA,NA
Generation.VIII,886,Drakloak,NA,NA,NA,NA,NA,NA,NA,NA,NA,NA
Generation.VIII,887,Dragapult,NA,NA,NA,NA,NA,NA,NA,NA,NA,NA
Generation.VIII,888,Zacian,NA,NA,NA,NA,NA,NA,NA,NA,NA,NA
Generation.VIII,889,Zamazenta,NA,NA,NA,NA,NA,NA,NA,NA,NA,NA
Generation.VIII,890,Eternatus,NA,NA,NA,NA,NA,NA,NA,NA,NA,NA
Generation.VIII,891,Kubfu,NA,NA,NA,NA,NA,NA,NA,NA,NA,NA
Generation.VIII,892,Urshifu,NA,NA,NA,NA,NA,NA,NA,NA,NA,NA
Generation.VIII,893,Zarude ♭,NA,NA,NA,NA,NA,NA,NA,NA,NA,NA
Generation.VIII,894,Regieleki,NA,NA,NA,NA,NA,NA,NA,NA,NA,NA
Generation.VIII,895,Regidrago,NA,NA,NA,NA,NA,NA,NA,NA,NA,NA
Generation.VIII,896,Glastrier,NA,NA,NA,NA,NA,NA,NA,NA,NA,NA
Generation.VIII,897,Spectrier,NA,NA,NA,NA,NA,NA,NA,NA,NA,NA
Generation.VIII,898,Calyrex,NA,NA,NA,NA,NA,NA,NA,NA,NA,NA
